random_4,1,1,1.1,0.0,0.01,PairWise,IM,7,0.0
random_4,2,1,1.1,0.0,0.01,PairWise,IM,7,0.998497975020263
random_4,3,1,1.1,0.0,0.01,PairWise,IM,7,0.4782111678883211
random_4,4,1,1.1,0.0,0.01,PairWise,IM,7,0.0
random_4,5,1,1.1,0.0,0.01,PairWise,IM,7,0.0
random_4,6,1,1.1,0.0,0.01,PairWise,IM,7,0.0
random_4,1,2,1.1,0.0,0.01,PairWise,IM,7,0.0
random_4,2,2,1.1,0.0,0.01,PairWise,IM,7,1.0
random_4,3,2,1.1,0.0,0.01,PairWise,IM,7,0.0
random_4,4,2,1.1,0.0,0.01,PairWise,IM,7,0.0
random_4,5,2,1.1,0.0,0.01,PairWise,IM,7,0.0
random_4,6,2,1.1,0.0,0.01,PairWise,IM,7,0.0
random_4,1,3,1.1,0.0,0.01,PairWise,IM,7,0.0
random_4,2,3,1.1,0.0,0.01,PairWise,IM,7,0.0
random_4,3,3,1.1,0.0,0.01,PairWise,IM,7,0.0
random_4,4,3,1.1,0.0,0.01,PairWise,IM,7,0.0
random_4,5,3,1.1,0.0,0.01,PairWise,IM,7,0.0
random_4,6,3,1.1,0.0,0.01,PairWise,IM,7,0.0
random_4,1,4,1.1,0.0,0.01,PairWise,IM,7,0.0
random_4,2,4,1.1,0.0,0.01,PairWise,IM,7,0.0
random_4,3,4,1.1,0.0,0.01,PairWise,IM,7,0.0
random_4,4,4,1.1,0.0,0.01,PairWise,IM,7,0.0
random_4,5,4,1.1,0.0,0.01,PairWise,IM,7,0.0
random_4,6,4,1.1,0.0,0.01,PairWise,IM,7,0.0
random_4,1,5,1.1,0.0,0.01,PairWise,IM,7,0.0
random_4,2,5,1.1,0.0,0.01,PairWise,IM,7,0.0
random_4,3,5,1.1,0.0,0.01,PairWise,IM,7,0.0
random_4,4,5,1.1,0.0,0.01,PairWise,IM,7,0.0
random_4,5,5,1.1,0.0,0.01,PairWise,IM,7,0.0
random_4,6,5,1.1,0.0,0.01,PairWise,IM,7,0.0
random_4,1,6,1.1,0.0,0.01,PairWise,IM,7,0.0
random_4,2,6,1.1,0.0,0.01,PairWise,IM,7,0.0
random_4,3,6,1.1,0.0,0.01,PairWise,IM,7,0.0
random_4,4,6,1.1,0.0,0.01,PairWise,IM,7,0.0
random_4,5,6,1.1,0.0,0.01,PairWise,IM,7,0.0
random_4,6,6,1.1,0.0,0.01,PairWise,IM,7,0.0
random_4,1,1,1.2,0.0,0.01,PairWise,IM,7,0.0
random_4,2,1,1.2,0.0,0.01,PairWise,IM,7,0.5050826791732083
random_4,3,1,1.2,0.0,0.01,PairWise,IM,7,0.0
random_4,4,1,1.2,0.0,0.01,PairWise,IM,7,0.0
random_4,5,1,1.2,0.0,0.01,PairWise,IM,7,0.0
random_4,6,1,1.2,0.0,0.01,PairWise,IM,7,0.0
random_4,1,2,1.2,0.0,0.01,PairWise,IM,7,0.0
random_4,2,2,1.2,0.0,0.01,PairWise,IM,7,0.0
random_4,3,2,1.2,0.0,0.01,PairWise,IM,7,0.0
random_4,4,2,1.2,0.0,0.01,PairWise,IM,7,0.0
random_4,5,2,1.2,0.0,0.01,PairWise,IM,7,0.0
random_4,6,2,1.2,0.0,0.01,PairWise,IM,7,0.0
random_4,1,3,1.2,0.0,0.01,PairWise,IM,7,0.0
random_4,2,3,1.2,0.0,0.01,PairWise,IM,7,0.0
random_4,3,3,1.2,0.0,0.01,PairWise,IM,7,0.0
random_4,4,3,1.2,0.0,0.01,PairWise,IM,7,0.0
random_4,5,3,1.2,0.0,0.01,PairWise,IM,7,0.0
random_4,6,3,1.2,0.0,0.01,PairWise,IM,7,0.0
random_4,1,4,1.2,0.0,0.01,PairWise,IM,7,0.0
random_4,2,4,1.2,0.0,0.01,PairWise,IM,7,0.0
random_4,3,4,1.2,0.0,0.01,PairWise,IM,7,0.0
random_4,4,4,1.2,0.0,0.01,PairWise,IM,7,0.0
random_4,5,4,1.2,0.0,0.01,PairWise,IM,7,0.0
random_4,6,4,1.2,0.0,0.01,PairWise,IM,7,0.0
random_4,1,5,1.2,0.0,0.01,PairWise,IM,7,0.0
random_4,2,5,1.2,0.0,0.01,PairWise,IM,7,0.0
random_4,3,5,1.2,0.0,0.01,PairWise,IM,7,0.0
random_4,4,5,1.2,0.0,0.01,PairWise,IM,7,0.0
random_4,5,5,1.2,0.0,0.01,PairWise,IM,7,0.0
random_4,6,5,1.2,0.0,0.01,PairWise,IM,7,0.0
random_4,1,6,1.2,0.0,0.01,PairWise,IM,7,0.0
random_4,2,6,1.2,0.0,0.01,PairWise,IM,7,0.0
random_4,3,6,1.2,0.0,0.01,PairWise,IM,7,0.0
random_4,4,6,1.2,0.0,0.01,PairWise,IM,7,0.0
random_4,5,6,1.2,0.0,0.01,PairWise,IM,7,0.0
random_4,6,6,1.2,0.0,0.01,PairWise,IM,7,0.0
random_4,1,1,1.3,0.0,0.01,PairWise,IM,7,0.0057785822141777
random_4,2,1,1.3,0.0,0.01,PairWise,IM,7,0.0
random_4,3,1,1.3,0.0,0.01,PairWise,IM,7,0.0
random_4,4,1,1.3,0.0,0.01,PairWise,IM,7,0.0
random_4,5,1,1.3,0.0,0.01,PairWise,IM,7,0.0
random_4,6,1,1.3,0.0,0.01,PairWise,IM,7,0.0
random_4,1,2,1.3,0.0,0.01,PairWise,IM,7,0.0
random_4,2,2,1.3,0.0,0.01,PairWise,IM,7,0.0
random_4,3,2,1.3,0.0,0.01,PairWise,IM,7,0.0
random_4,4,2,1.3,0.0,0.01,PairWise,IM,7,0.0
random_4,5,2,1.3,0.0,0.01,PairWise,IM,7,0.0
random_4,6,2,1.3,0.0,0.01,PairWise,IM,7,0.0
random_4,1,3,1.3,0.0,0.01,PairWise,IM,7,0.0
random_4,2,3,1.3,0.0,0.01,PairWise,IM,7,0.0
random_4,3,3,1.3,0.0,0.01,PairWise,IM,7,0.0
random_4,4,3,1.3,0.0,0.01,PairWise,IM,7,0.0
random_4,5,3,1.3,0.0,0.01,PairWise,IM,7,0.0
random_4,6,3,1.3,0.0,0.01,PairWise,IM,7,0.0
random_4,1,4,1.3,0.0,0.01,PairWise,IM,7,0.0
random_4,2,4,1.3,0.0,0.01,PairWise,IM,7,0.0
random_4,3,4,1.3,0.0,0.01,PairWise,IM,7,0.0
random_4,4,4,1.3,0.0,0.01,PairWise,IM,7,0.0
random_4,5,4,1.3,0.0,0.01,PairWise,IM,7,0.0
random_4,6,4,1.3,0.0,0.01,PairWise,IM,7,0.0
random_4,1,5,1.3,0.0,0.01,PairWise,IM,7,0.0
random_4,2,5,1.3,0.0,0.01,PairWise,IM,7,0.0
random_4,3,5,1.3,0.0,0.01,PairWise,IM,7,0.0
random_4,4,5,1.3,0.0,0.01,PairWise,IM,7,0.0
random_4,5,5,1.3,0.0,0.01,PairWise,IM,7,0.0
random_4,6,5,1.3,0.0,0.01,PairWise,IM,7,0.0
random_4,1,6,1.3,0.0,0.01,PairWise,IM,7,0.0
random_4,2,6,1.3,0.0,0.01,PairWise,IM,7,0.0
random_4,3,6,1.3,0.0,0.01,PairWise,IM,7,0.0
random_4,4,6,1.3,0.0,0.01,PairWise,IM,7,0.0
random_4,5,6,1.3,0.0,0.01,PairWise,IM,7,0.0
random_4,6,6,1.3,0.0,0.01,PairWise,IM,7,0.0
random_4,1,1,1.4,0.0,0.01,PairWise,IM,7,0.0161236287637123
random_4,2,1,1.4,0.0,0.01,PairWise,IM,7,0.0
random_4,3,1,1.4,0.0,0.01,PairWise,IM,7,0.0
random_4,4,1,1.4,0.0,0.01,PairWise,IM,7,0.0
random_4,5,1,1.4,0.0,0.01,PairWise,IM,7,0.0
random_4,6,1,1.4,0.0,0.01,PairWise,IM,7,0.0
random_4,1,2,1.4,0.0,0.01,PairWise,IM,7,0.0
random_4,2,2,1.4,0.0,0.01,PairWise,IM,7,0.0
random_4,3,2,1.4,0.0,0.01,PairWise,IM,7,0.0
random_4,4,2,1.4,0.0,0.01,PairWise,IM,7,0.0
random_4,5,2,1.4,0.0,0.01,PairWise,IM,7,0.0
random_4,6,2,1.4,0.0,0.01,PairWise,IM,7,0.0
random_4,1,3,1.4,0.0,0.01,PairWise,IM,7,0.0
random_4,2,3,1.4,0.0,0.01,PairWise,IM,7,0.0
random_4,3,3,1.4,0.0,0.01,PairWise,IM,7,0.0
random_4,4,3,1.4,0.0,0.01,PairWise,IM,7,0.0
random_4,5,3,1.4,0.0,0.01,PairWise,IM,7,0.0
random_4,6,3,1.4,0.0,0.01,PairWise,IM,7,0.0
random_4,1,4,1.4,0.0,0.01,PairWise,IM,7,0.0
random_4,2,4,1.4,0.0,0.01,PairWise,IM,7,0.0
random_4,3,4,1.4,0.0,0.01,PairWise,IM,7,0.0
random_4,4,4,1.4,0.0,0.01,PairWise,IM,7,0.0
random_4,5,4,1.4,0.0,0.01,PairWise,IM,7,0.0
random_4,6,4,1.4,0.0,0.01,PairWise,IM,7,0.0
random_4,1,5,1.4,0.0,0.01,PairWise,IM,7,0.0
random_4,2,5,1.4,0.0,0.01,PairWise,IM,7,0.0
random_4,3,5,1.4,0.0,0.01,PairWise,IM,7,0.0
random_4,4,5,1.4,0.0,0.01,PairWise,IM,7,0.0
random_4,5,5,1.4,0.0,0.01,PairWise,IM,7,0.0
random_4,6,5,1.4,0.0,0.01,PairWise,IM,7,0.0
random_4,1,6,1.4,0.0,0.01,PairWise,IM,7,0.0
random_4,2,6,1.4,0.0,0.01,PairWise,IM,7,0.0
random_4,3,6,1.4,0.0,0.01,PairWise,IM,7,0.0
random_4,4,6,1.4,0.0,0.01,PairWise,IM,7,0.0
random_4,5,6,1.4,0.0,0.01,PairWise,IM,7,0.0
random_4,6,6,1.4,0.0,0.01,PairWise,IM,7,0.0
random_4,1,1,1.5,0.0,0.01,PairWise,IM,7,0.0
random_4,2,1,1.5,0.0,0.01,PairWise,IM,7,0.0
random_4,3,1,1.5,0.0,0.01,PairWise,IM,7,0.0
random_4,4,1,1.5,0.0,0.01,PairWise,IM,7,0.0
random_4,5,1,1.5,0.0,0.01,PairWise,IM,7,0.0
random_4,6,1,1.5,0.0,0.01,PairWise,IM,7,0.0
random_4,1,2,1.5,0.0,0.01,PairWise,IM,7,0.0
random_4,2,2,1.5,0.0,0.01,PairWise,IM,7,0.0
random_4,3,2,1.5,0.0,0.01,PairWise,IM,7,0.0
random_4,4,2,1.5,0.0,0.01,PairWise,IM,7,0.0
random_4,5,2,1.5,0.0,0.01,PairWise,IM,7,0.0
random_4,6,2,1.5,0.0,0.01,PairWise,IM,7,0.0
random_4,1,3,1.5,0.0,0.01,PairWise,IM,7,0.0
random_4,2,3,1.5,0.0,0.01,PairWise,IM,7,0.0
random_4,3,3,1.5,0.0,0.01,PairWise,IM,7,0.0
random_4,4,3,1.5,0.0,0.01,PairWise,IM,7,0.0
random_4,5,3,1.5,0.0,0.01,PairWise,IM,7,0.0
random_4,6,3,1.5,0.0,0.01,PairWise,IM,7,0.0
random_4,1,4,1.5,0.0,0.01,PairWise,IM,7,0.0
random_4,2,4,1.5,0.0,0.01,PairWise,IM,7,0.0
random_4,3,4,1.5,0.0,0.01,PairWise,IM,7,0.0
random_4,4,4,1.5,0.0,0.01,PairWise,IM,7,0.0
random_4,5,4,1.5,0.0,0.01,PairWise,IM,7,0.0
random_4,6,4,1.5,0.0,0.01,PairWise,IM,7,0.0
random_4,1,5,1.5,0.0,0.01,PairWise,IM,7,0.0
random_4,2,5,1.5,0.0,0.01,PairWise,IM,7,0.0
random_4,3,5,1.5,0.0,0.01,PairWise,IM,7,0.0
random_4,4,5,1.5,0.0,0.01,PairWise,IM,7,0.0
random_4,5,5,1.5,0.0,0.01,PairWise,IM,7,0.0
random_4,6,5,1.5,0.0,0.01,PairWise,IM,7,0.0
random_4,1,6,1.5,0.0,0.01,PairWise,IM,7,0.0
random_4,2,6,1.5,0.0,0.01,PairWise,IM,7,0.0
random_4,3,6,1.5,0.0,0.01,PairWise,IM,7,0.0
random_4,4,6,1.5,0.0,0.01,PairWise,IM,7,0.0
random_4,5,6,1.5,0.0,0.01,PairWise,IM,7,0.0
random_4,6,6,1.5,0.0,0.01,PairWise,IM,7,0.0
random_4,1,1,1.1,0.01,0.01,PairWise,IM,7,0.0
random_4,2,1,1.1,0.01,0.01,PairWise,IM,7,1.0
random_4,3,1,1.1,0.01,0.01,PairWise,IM,7,0.0
random_4,4,1,1.1,0.01,0.01,PairWise,IM,7,0.0
random_4,5,1,1.1,0.01,0.01,PairWise,IM,7,0.0
random_4,6,1,1.1,0.01,0.01,PairWise,IM,7,0.0
random_4,1,2,1.1,0.01,0.01,PairWise,IM,7,0.0
random_4,2,2,1.1,0.01,0.01,PairWise,IM,7,1.0
random_4,3,2,1.1,0.01,0.01,PairWise,IM,7,0.0
random_4,4,2,1.1,0.01,0.01,PairWise,IM,7,0.0
random_4,5,2,1.1,0.01,0.01,PairWise,IM,7,0.0
random_4,6,2,1.1,0.01,0.01,PairWise,IM,7,0.0
random_4,1,3,1.1,0.01,0.01,PairWise,IM,7,0.0
random_4,2,3,1.1,0.01,0.01,PairWise,IM,7,0.0
random_4,3,3,1.1,0.01,0.01,PairWise,IM,7,0.0
random_4,4,3,1.1,0.01,0.01,PairWise,IM,7,0.0
random_4,5,3,1.1,0.01,0.01,PairWise,IM,7,0.0
random_4,6,3,1.1,0.01,0.01,PairWise,IM,7,0.0
random_4,1,4,1.1,0.01,0.01,PairWise,IM,7,0.0
random_4,2,4,1.1,0.01,0.01,PairWise,IM,7,0.0
random_4,3,4,1.1,0.01,0.01,PairWise,IM,7,0.0
random_4,4,4,1.1,0.01,0.01,PairWise,IM,7,0.0
random_4,5,4,1.1,0.01,0.01,PairWise,IM,7,0.0
random_4,6,4,1.1,0.01,0.01,PairWise,IM,7,0.0
random_4,1,5,1.1,0.01,0.01,PairWise,IM,7,0.0
random_4,2,5,1.1,0.01,0.01,PairWise,IM,7,0.0
random_4,3,5,1.1,0.01,0.01,PairWise,IM,7,0.0
random_4,4,5,1.1,0.01,0.01,PairWise,IM,7,0.0
random_4,5,5,1.1,0.01,0.01,PairWise,IM,7,0.0
random_4,6,5,1.1,0.01,0.01,PairWise,IM,7,0.0
random_4,1,6,1.1,0.01,0.01,PairWise,IM,7,0.0
random_4,2,6,1.1,0.01,0.01,PairWise,IM,7,0.0
random_4,3,6,1.1,0.01,0.01,PairWise,IM,7,0.0
random_4,4,6,1.1,0.01,0.01,PairWise,IM,7,0.0
random_4,5,6,1.1,0.01,0.01,PairWise,IM,7,0.0
random_4,6,6,1.1,0.01,0.01,PairWise,IM,7,0.0
random_4,1,1,1.2,0.01,0.01,PairWise,IM,7,0.0
random_4,2,1,1.2,0.01,0.01,PairWise,IM,7,0.4899926800731993
random_4,3,1,1.2,0.01,0.01,PairWise,IM,7,0.0
random_4,4,1,1.2,0.01,0.01,PairWise,IM,7,0.0
random_4,1,1,1.1,0.0,0.01,PairWise,IM,4,0.0
random_4,2,1,1.1,0.0,0.01,PairWise,IM,4,0.8912443975560239
random_4,3,1,1.1,0.0,0.01,PairWise,IM,4,0.0
random_4,4,1,1.1,0.0,0.01,PairWise,IM,4,0.0
random_4,5,1,1.1,0.0,0.01,PairWise,IM,4,0.0
random_4,6,1,1.1,0.0,0.01,PairWise,IM,4,0.0
random_4,1,2,1.1,0.0,0.01,PairWise,IM,4,0.0
random_4,2,2,1.1,0.0,0.01,PairWise,IM,4,0.0
random_4,3,2,1.1,0.0,0.01,PairWise,IM,4,0.0
random_4,4,2,1.1,0.0,0.01,PairWise,IM,4,0.0
random_4,5,2,1.1,0.0,0.01,PairWise,IM,4,0.0
random_4,6,2,1.1,0.0,0.01,PairWise,IM,4,0.0
random_4,1,3,1.1,0.0,0.01,PairWise,IM,4,0.0
random_4,2,3,1.1,0.0,0.01,PairWise,IM,4,0.0
random_4,3,3,1.1,0.0,0.01,PairWise,IM,4,0.0
random_4,4,3,1.1,0.0,0.01,PairWise,IM,4,0.0
random_4,5,3,1.1,0.0,0.01,PairWise,IM,4,0.0
random_4,6,3,1.1,0.0,0.01,PairWise,IM,4,0.0
random_4,1,4,1.1,0.0,0.01,PairWise,IM,4,0.0
random_4,2,4,1.1,0.0,0.01,PairWise,IM,4,0.0
random_4,3,4,1.1,0.0,0.01,PairWise,IM,4,0.0
random_4,4,4,1.1,0.0,0.01,PairWise,IM,4,0.0
random_4,5,4,1.1,0.0,0.01,PairWise,IM,4,0.0
random_4,6,4,1.1,0.0,0.01,PairWise,IM,4,0.0
random_4,1,5,1.1,0.0,0.01,PairWise,IM,4,0.0
random_4,2,5,1.1,0.0,0.01,PairWise,IM,4,0.0
random_4,3,5,1.1,0.0,0.01,PairWise,IM,4,0.0
random_4,4,5,1.1,0.0,0.01,PairWise,IM,4,0.0
random_4,5,5,1.1,0.0,0.01,PairWise,IM,4,0.0
random_4,6,5,1.1,0.0,0.01,PairWise,IM,4,0.0
random_4,1,6,1.1,0.0,0.01,PairWise,IM,4,0.0
random_4,2,6,1.1,0.0,0.01,PairWise,IM,4,0.0
random_4,3,6,1.1,0.0,0.01,PairWise,IM,4,0.0
random_4,4,6,1.1,0.0,0.01,PairWise,IM,4,0.0
random_4,5,6,1.1,0.0,0.01,PairWise,IM,4,0.0
random_4,6,6,1.1,0.0,0.01,PairWise,IM,4,0.0
random_4,1,1,1.2,0.0,0.01,PairWise,IM,4,0.0
random_4,2,1,1.2,0.0,0.01,PairWise,IM,4,0.4246034839651603
random_4,3,1,1.2,0.0,0.01,PairWise,IM,4,0.0
random_4,4,1,1.2,0.0,0.01,PairWise,IM,4,0.0
random_4,5,1,1.2,0.0,0.01,PairWise,IM,4,0.0
random_4,6,1,1.2,0.0,0.01,PairWise,IM,4,0.0
random_4,1,2,1.2,0.0,0.01,PairWise,IM,4,0.0
random_4,2,2,1.2,0.0,0.01,PairWise,IM,4,0.0
random_4,3,2,1.2,0.0,0.01,PairWise,IM,4,0.0
random_4,4,2,1.2,0.0,0.01,PairWise,IM,4,0.0
random_4,5,2,1.2,0.0,0.01,PairWise,IM,4,0.0
random_4,6,2,1.2,0.0,0.01,PairWise,IM,4,0.0
random_4,1,3,1.2,0.0,0.01,PairWise,IM,4,0.0
random_4,2,3,1.2,0.0,0.01,PairWise,IM,4,0.0
random_4,3,3,1.2,0.0,0.01,PairWise,IM,4,0.0
random_4,4,3,1.2,0.0,0.01,PairWise,IM,4,0.0
random_4,5,3,1.2,0.0,0.01,PairWise,IM,4,0.0
random_4,6,3,1.2,0.0,0.01,PairWise,IM,4,0.0
random_4,1,4,1.2,0.0,0.01,PairWise,IM,4,0.0
random_4,2,4,1.2,0.0,0.01,PairWise,IM,4,0.0
random_4,3,4,1.2,0.0,0.01,PairWise,IM,4,0.0
random_4,4,4,1.2,0.0,0.01,PairWise,IM,4,0.0
random_4,5,4,1.2,0.0,0.01,PairWise,IM,4,0.0
random_4,6,4,1.2,0.0,0.01,PairWise,IM,4,0.0
random_4,1,5,1.2,0.0,0.01,PairWise,IM,4,0.0
random_4,2,5,1.2,0.0,0.01,PairWise,IM,4,0.0
random_4,3,5,1.2,0.0,0.01,PairWise,IM,4,0.0
random_4,4,5,1.2,0.0,0.01,PairWise,IM,4,0.0
random_4,5,5,1.2,0.0,0.01,PairWise,IM,4,0.0
random_4,6,5,1.2,0.0,0.01,PairWise,IM,4,0.0
random_4,1,6,1.2,0.0,0.01,PairWise,IM,4,0.0
random_4,2,6,1.2,0.0,0.01,PairWise,IM,4,0.0
random_4,3,6,1.2,0.0,0.01,PairWise,IM,4,0.0
random_4,4,6,1.2,0.0,0.01,PairWise,IM,4,0.0
random_4,5,6,1.2,0.0,0.01,PairWise,IM,4,0.0
random_4,6,6,1.2,0.0,0.01,PairWise,IM,4,0.0
random_4,1,1,1.3,0.0,0.01,PairWise,IM,4,0.0040673193268067
random_4,2,1,1.3,0.0,0.01,PairWise,IM,4,0.0
random_4,3,1,1.3,0.0,0.01,PairWise,IM,4,0.0
random_4,4,1,1.3,0.0,0.01,PairWise,IM,4,0.0
random_4,5,1,1.3,0.0,0.01,PairWise,IM,4,0.0
random_4,6,1,1.3,0.0,0.01,PairWise,IM,4,0.0
random_4,1,2,1.3,0.0,0.01,PairWise,IM,4,0.0
random_4,2,2,1.3,0.0,0.01,PairWise,IM,4,0.0
random_4,3,2,1.3,0.0,0.01,PairWise,IM,4,0.0
random_4,4,2,1.3,0.0,0.01,PairWise,IM,4,0.0
random_4,5,2,1.3,0.0,0.01,PairWise,IM,4,0.0
random_4,6,2,1.3,0.0,0.01,PairWise,IM,4,0.0
random_4,1,3,1.3,0.0,0.01,PairWise,IM,4,0.0
random_4,2,3,1.3,0.0,0.01,PairWise,IM,4,0.0
random_4,3,3,1.3,0.0,0.01,PairWise,IM,4,0.0
random_4,4,3,1.3,0.0,0.01,PairWise,IM,4,0.0
random_4,5,3,1.3,0.0,0.01,PairWise,IM,4,0.0
random_4,6,3,1.3,0.0,0.01,PairWise,IM,4,0.0
random_4,1,4,1.3,0.0,0.01,PairWise,IM,4,0.0
random_4,2,4,1.3,0.0,0.01,PairWise,IM,4,0.0
random_4,3,4,1.3,0.0,0.01,PairWise,IM,4,0.0
random_4,4,4,1.3,0.0,0.01,PairWise,IM,4,0.0
random_4,5,4,1.3,0.0,0.01,PairWise,IM,4,0.0
random_4,6,4,1.3,0.0,0.01,PairWise,IM,4,0.0
random_4,1,5,1.3,0.0,0.01,PairWise,IM,4,0.0
random_4,2,5,1.3,0.0,0.01,PairWise,IM,4,0.0
random_4,3,5,1.3,0.0,0.01,PairWise,IM,4,0.0
random_4,4,5,1.3,0.0,0.01,PairWise,IM,4,0.0
random_4,5,5,1.3,0.0,0.01,PairWise,IM,4,0.0
random_4,6,5,1.3,0.0,0.01,PairWise,IM,4,0.0
random_4,1,6,1.3,0.0,0.01,PairWise,IM,4,0.0
random_4,2,6,1.3,0.0,0.01,PairWise,IM,4,0.0
random_4,3,6,1.3,0.0,0.01,PairWise,IM,4,0.0
random_4,4,6,1.3,0.0,0.01,PairWise,IM,4,0.0
random_4,5,6,1.3,0.0,0.01,PairWise,IM,4,0.0
random_4,6,6,1.3,0.0,0.01,PairWise,IM,4,0.0
random_4,1,1,1.4,0.0,0.01,PairWise,IM,4,0.0
random_4,2,1,1.4,0.0,0.01,PairWise,IM,4,0.0
random_4,3,1,1.4,0.0,0.01,PairWise,IM,4,0.0
random_4,4,1,1.4,0.0,0.01,PairWise,IM,4,0.0
random_4,5,1,1.4,0.0,0.01,PairWise,IM,4,0.0
random_4,6,1,1.4,0.0,0.01,PairWise,IM,4,0.0
random_4,1,2,1.4,0.0,0.01,PairWise,IM,4,0.0
random_4,2,2,1.4,0.0,0.01,PairWise,IM,4,0.0
random_4,3,2,1.4,0.0,0.01,PairWise,IM,4,0.0
random_4,4,2,1.4,0.0,0.01,PairWise,IM,4,0.0
random_4,5,2,1.4,0.0,0.01,PairWise,IM,4,0.0
random_4,6,2,1.4,0.0,0.01,PairWise,IM,4,0.0
random_4,1,3,1.4,0.0,0.01,PairWise,IM,4,0.0
random_4,2,3,1.4,0.0,0.01,PairWise,IM,4,0.0
random_4,3,3,1.4,0.0,0.01,PairWise,IM,4,0.0
random_4,4,3,1.4,0.0,0.01,PairWise,IM,4,0.0
random_4,5,3,1.4,0.0,0.01,PairWise,IM,4,0.0
random_4,6,3,1.4,0.0,0.01,PairWise,IM,4,0.0
random_4,1,4,1.4,0.0,0.01,PairWise,IM,4,0.0
random_4,2,4,1.4,0.0,0.01,PairWise,IM,4,0.0
random_4,3,4,1.4,0.0,0.01,PairWise,IM,4,0.0
random_4,4,4,1.4,0.0,0.01,PairWise,IM,4,0.0
random_4,5,4,1.4,0.0,0.01,PairWise,IM,4,0.0
random_4,6,4,1.4,0.0,0.01,PairWise,IM,4,0.0
random_4,1,5,1.4,0.0,0.01,PairWise,IM,4,0.0
random_4,2,5,1.4,0.0,0.01,PairWise,IM,4,0.0
random_4,3,5,1.4,0.0,0.01,PairWise,IM,4,0.0
random_4,4,5,1.4,0.0,0.01,PairWise,IM,4,0.0
random_4,5,5,1.4,0.0,0.01,PairWise,IM,4,0.0
random_4,6,5,1.4,0.0,0.01,PairWise,IM,4,0.0
random_4,1,6,1.4,0.0,0.01,PairWise,IM,4,0.0
random_4,2,6,1.4,0.0,0.01,PairWise,IM,4,0.0
random_4,3,6,1.4,0.0,0.01,PairWise,IM,4,0.0
random_4,4,6,1.4,0.0,0.01,PairWise,IM,4,0.0
random_4,5,6,1.4,0.0,0.01,PairWise,IM,4,0.0
random_4,6,6,1.4,0.0,0.01,PairWise,IM,4,0.0
random_4,1,1,1.5,0.0,0.01,PairWise,IM,4,0.0091699783002169
random_4,2,1,1.5,0.0,0.01,PairWise,IM,4,0.0
random_4,3,1,1.5,0.0,0.01,PairWise,IM,4,0.0
random_4,4,1,1.5,0.0,0.01,PairWise,IM,4,0.0
random_4,5,1,1.5,0.0,0.01,PairWise,IM,4,0.0
random_4,6,1,1.5,0.0,0.01,PairWise,IM,4,0.0
random_4,1,2,1.5,0.0,0.01,PairWise,IM,4,0.0
random_4,2,2,1.5,0.0,0.01,PairWise,IM,4,0.0
random_4,3,2,1.5,0.0,0.01,PairWise,IM,4,0.0
random_4,4,2,1.5,0.0,0.01,PairWise,IM,4,0.0
random_4,5,2,1.5,0.0,0.01,PairWise,IM,4,0.0
random_4,6,2,1.5,0.0,0.01,PairWise,IM,4,0.0
random_4,1,3,1.5,0.0,0.01,PairWise,IM,4,0.0
random_4,2,3,1.5,0.0,0.01,PairWise,IM,4,0.0
random_4,3,3,1.5,0.0,0.01,PairWise,IM,4,0.0
random_4,4,3,1.5,0.0,0.01,PairWise,IM,4,0.0
random_4,5,3,1.5,0.0,0.01,PairWise,IM,4,0.0
random_4,6,3,1.5,0.0,0.01,PairWise,IM,4,0.0
random_4,1,4,1.5,0.0,0.01,PairWise,IM,4,0.0
random_4,2,4,1.5,0.0,0.01,PairWise,IM,4,0.0
random_4,3,4,1.5,0.0,0.01,PairWise,IM,4,0.0
random_4,4,4,1.5,0.0,0.01,PairWise,IM,4,0.0
random_4,5,4,1.5,0.0,0.01,PairWise,IM,4,0.0
random_4,6,4,1.5,0.0,0.01,PairWise,IM,4,0.0
random_4,1,5,1.5,0.0,0.01,PairWise,IM,4,0.0
random_4,2,5,1.5,0.0,0.01,PairWise,IM,4,0.0
random_4,3,5,1.5,0.0,0.01,PairWise,IM,4,0.0
random_4,4,5,1.5,0.0,0.01,PairWise,IM,4,0.0
random_4,5,5,1.5,0.0,0.01,PairWise,IM,4,0.0
random_4,6,5,1.5,0.0,0.01,PairWise,IM,4,0.0
random_4,1,6,1.5,0.0,0.01,PairWise,IM,4,0.0
random_4,2,6,1.5,0.0,0.01,PairWise,IM,4,0.0
random_4,3,6,1.5,0.0,0.01,PairWise,IM,4,0.0
random_4,4,6,1.5,0.0,0.01,PairWise,IM,4,0.0
random_4,5,6,1.5,0.0,0.01,PairWise,IM,4,0.0
random_4,6,6,1.5,0.0,0.01,PairWise,IM,4,0.0
random_4,1,1,1.1,0.01,0.01,PairWise,IM,4,0.0
random_4,2,1,1.1,0.01,0.01,PairWise,IM,4,1.0
random_4,3,1,1.1,0.01,0.01,PairWise,IM,4,0.0
random_4,4,1,1.1,0.01,0.01,PairWise,IM,4,0.0
random_4,5,1,1.1,0.01,0.01,PairWise,IM,4,0.0
random_4,6,1,1.1,0.01,0.01,PairWise,IM,4,0.0
random_4,1,2,1.1,0.01,0.01,PairWise,IM,4,0.0
random_4,2,2,1.1,0.01,0.01,PairWise,IM,4,0.0
random_4,3,2,1.1,0.01,0.01,PairWise,IM,4,0.0
random_4,4,2,1.1,0.01,0.01,PairWise,IM,4,0.0
random_4,5,2,1.1,0.01,0.01,PairWise,IM,4,0.0
random_4,6,2,1.1,0.01,0.01,PairWise,IM,4,0.0
random_4,1,3,1.1,0.01,0.01,PairWise,IM,4,0.0
random_4,2,3,1.1,0.01,0.01,PairWise,IM,4,0.0
random_4,3,3,1.1,0.01,0.01,PairWise,IM,4,0.0
random_4,4,3,1.1,0.01,0.01,PairWise,IM,4,0.0
random_4,5,3,1.1,0.01,0.01,PairWise,IM,4,0.0
random_4,6,3,1.1,0.01,0.01,PairWise,IM,4,0.0
random_4,1,4,1.1,0.01,0.01,PairWise,IM,4,0.0
random_4,2,4,1.1,0.01,0.01,PairWise,IM,4,0.0
random_4,3,4,1.1,0.01,0.01,PairWise,IM,4,0.0
random_4,4,4,1.1,0.01,0.01,PairWise,IM,4,0.0
random_4,5,4,1.1,0.01,0.01,PairWise,IM,4,0.0
random_4,6,4,1.1,0.01,0.01,PairWise,IM,4,0.0
random_4,1,5,1.1,0.01,0.01,PairWise,IM,4,0.0
random_4,2,5,1.1,0.01,0.01,PairWise,IM,4,0.0
random_4,3,5,1.1,0.01,0.01,PairWise,IM,4,0.0
random_4,4,5,1.1,0.01,0.01,PairWise,IM,4,0.0
random_4,5,5,1.1,0.01,0.01,PairWise,IM,4,0.0
random_4,6,5,1.1,0.01,0.01,PairWise,IM,4,0.0
random_4,1,6,1.1,0.01,0.01,PairWise,IM,4,0.0
random_4,2,6,1.1,0.01,0.01,PairWise,IM,4,0.0
random_4,3,6,1.1,0.01,0.01,PairWise,IM,4,0.0
random_4,4,6,1.1,0.01,0.01,PairWise,IM,4,0.0
random_4,5,6,1.1,0.01,0.01,PairWise,IM,4,0.0
random_4,6,6,1.1,0.01,0.01,PairWise,IM,4,0.0
random_4,1,1,1.2,0.01,0.01,PairWise,IM,4,0.0
random_4,2,1,1.2,0.01,0.01,PairWise,IM,4,0.482709672903271
random_4,3,1,1.2,0.01,0.01,PairWise,IM,4,0.0
random_4,4,1,1.2,0.01,0.01,PairWise,IM,4,0.0
random_4,1,1,1.1,0.0,0.01,PairWise,IM,1,0.0
random_4,2,1,1.1,0.0,0.01,PairWise,IM,1,0.9985017849821636
random_4,3,1,1.1,0.0,0.01,PairWise,IM,1,0.0
random_4,4,1,1.1,0.0,0.01,PairWise,IM,1,0.0
random_4,5,1,1.1,0.0,0.01,PairWise,IM,1,0.0
random_4,6,1,1.1,0.0,0.01,PairWise,IM,1,0.0
random_4,1,2,1.1,0.0,0.01,PairWise,IM,1,0.0
random_4,2,2,1.1,0.0,0.01,PairWise,IM,1,1.0
random_4,3,2,1.1,0.0,0.01,PairWise,IM,1,0.0
random_4,4,2,1.1,0.0,0.01,PairWise,IM,1,0.0
random_4,5,2,1.1,0.0,0.01,PairWise,IM,1,0.0
random_4,6,2,1.1,0.0,0.01,PairWise,IM,1,0.0
random_4,1,3,1.1,0.0,0.01,PairWise,IM,1,0.0
random_4,2,3,1.1,0.0,0.01,PairWise,IM,1,0.0
random_4,3,3,1.1,0.0,0.01,PairWise,IM,1,0.0
random_4,4,3,1.1,0.0,0.01,PairWise,IM,1,0.0
random_4,5,3,1.1,0.0,0.01,PairWise,IM,1,0.0
random_4,6,3,1.1,0.0,0.01,PairWise,IM,1,0.0
random_4,1,4,1.1,0.0,0.01,PairWise,IM,1,0.0
random_4,2,4,1.1,0.0,0.01,PairWise,IM,1,0.0
random_4,3,4,1.1,0.0,0.01,PairWise,IM,1,0.0
random_4,4,4,1.1,0.0,0.01,PairWise,IM,1,0.0
random_4,5,4,1.1,0.0,0.01,PairWise,IM,1,0.0
random_4,6,4,1.1,0.0,0.01,PairWise,IM,1,0.0
random_4,1,5,1.1,0.0,0.01,PairWise,IM,1,0.0
random_4,2,5,1.1,0.0,0.01,PairWise,IM,1,0.0
random_4,3,5,1.1,0.0,0.01,PairWise,IM,1,0.0
random_4,4,5,1.1,0.0,0.01,PairWise,IM,1,0.0
random_4,5,5,1.1,0.0,0.01,PairWise,IM,1,0.0
random_4,6,5,1.1,0.0,0.01,PairWise,IM,1,0.0
random_4,1,6,1.1,0.0,0.01,PairWise,IM,1,0.0
random_4,2,6,1.1,0.0,0.01,PairWise,IM,1,0.0
random_4,3,6,1.1,0.0,0.01,PairWise,IM,1,0.0
random_4,4,6,1.1,0.0,0.01,PairWise,IM,1,0.0
random_4,5,6,1.1,0.0,0.01,PairWise,IM,1,0.0
random_4,6,6,1.1,0.0,0.01,PairWise,IM,1,0.0
random_4,1,1,1.2,0.0,0.01,PairWise,IM,1,0.0
random_4,2,1,1.2,0.0,0.01,PairWise,IM,1,0.4627520524794752
random_4,3,1,1.2,0.0,0.01,PairWise,IM,1,0.0
random_4,4,1,1.2,0.0,0.01,PairWise,IM,1,0.0
random_4,5,1,1.2,0.0,0.01,PairWise,IM,1,0.0
random_4,6,1,1.2,0.0,0.01,PairWise,IM,1,0.0
random_4,1,2,1.2,0.0,0.01,PairWise,IM,1,0.0
random_4,2,2,1.2,0.0,0.01,PairWise,IM,1,0.0
random_4,3,2,1.2,0.0,0.01,PairWise,IM,1,0.0
random_4,4,2,1.2,0.0,0.01,PairWise,IM,1,0.0
random_4,5,2,1.2,0.0,0.01,PairWise,IM,1,0.0
random_4,6,2,1.2,0.0,0.01,PairWise,IM,1,0.0
random_4,1,3,1.2,0.0,0.01,PairWise,IM,1,0.0
random_4,2,3,1.2,0.0,0.01,PairWise,IM,1,0.0
random_4,3,3,1.2,0.0,0.01,PairWise,IM,1,0.0
random_4,4,3,1.2,0.0,0.01,PairWise,IM,1,0.0
random_4,5,3,1.2,0.0,0.01,PairWise,IM,1,0.0
random_4,6,3,1.2,0.0,0.01,PairWise,IM,1,0.0
random_4,1,4,1.2,0.0,0.01,PairWise,IM,1,0.0
random_4,2,4,1.2,0.0,0.01,PairWise,IM,1,0.0
random_4,3,4,1.2,0.0,0.01,PairWise,IM,1,0.0
random_4,4,4,1.2,0.0,0.01,PairWise,IM,1,0.0
random_4,5,4,1.2,0.0,0.01,PairWise,IM,1,0.0
random_4,6,4,1.2,0.0,0.01,PairWise,IM,1,0.0
random_4,1,5,1.2,0.0,0.01,PairWise,IM,1,0.0
random_4,2,5,1.2,0.0,0.01,PairWise,IM,1,0.0
random_4,3,5,1.2,0.0,0.01,PairWise,IM,1,0.0
random_4,4,5,1.2,0.0,0.01,PairWise,IM,1,0.0
random_4,5,5,1.2,0.0,0.01,PairWise,IM,1,0.0
random_4,6,5,1.2,0.0,0.01,PairWise,IM,1,0.0
random_4,1,6,1.2,0.0,0.01,PairWise,IM,1,0.0
random_4,2,6,1.2,0.0,0.01,PairWise,IM,1,0.0
random_4,3,6,1.2,0.0,0.01,PairWise,IM,1,0.0
random_4,4,6,1.2,0.0,0.01,PairWise,IM,1,0.0
random_4,5,6,1.2,0.0,0.01,PairWise,IM,1,0.0
random_4,6,6,1.2,0.0,0.01,PairWise,IM,1,0.0
random_4,1,1,1.3,0.0,0.01,PairWise,IM,1,0.0042315176848231
random_4,2,1,1.3,0.0,0.01,PairWise,IM,1,0.3157351626483735
random_4,3,1,1.3,0.0,0.01,PairWise,IM,1,0.0
random_4,4,1,1.3,0.0,0.01,PairWise,IM,1,0.0
random_4,5,1,1.3,0.0,0.01,PairWise,IM,1,0.0
random_4,6,1,1.3,0.0,0.01,PairWise,IM,1,0.0
random_4,1,2,1.3,0.0,0.01,PairWise,IM,1,0.0
random_4,2,2,1.3,0.0,0.01,PairWise,IM,1,0.0
random_4,3,2,1.3,0.0,0.01,PairWise,IM,1,0.0
random_4,4,2,1.3,0.0,0.01,PairWise,IM,1,0.0
random_4,5,2,1.3,0.0,0.01,PairWise,IM,1,0.0
random_4,6,2,1.3,0.0,0.01,PairWise,IM,1,0.0
random_4,1,3,1.3,0.0,0.01,PairWise,IM,1,0.0
random_4,2,3,1.3,0.0,0.01,PairWise,IM,1,0.0
random_4,3,3,1.3,0.0,0.01,PairWise,IM,1,0.0
random_4,4,3,1.3,0.0,0.01,PairWise,IM,1,0.0
random_4,5,3,1.3,0.0,0.01,PairWise,IM,1,0.0
random_4,6,3,1.3,0.0,0.01,PairWise,IM,1,0.0
random_4,1,4,1.3,0.0,0.01,PairWise,IM,1,0.0
random_4,2,4,1.3,0.0,0.01,PairWise,IM,1,0.0
random_4,3,4,1.3,0.0,0.01,PairWise,IM,1,0.0
random_4,4,4,1.3,0.0,0.01,PairWise,IM,1,0.0
random_4,5,4,1.3,0.0,0.01,PairWise,IM,1,0.0
random_4,6,4,1.3,0.0,0.01,PairWise,IM,1,0.0
random_4,1,5,1.3,0.0,0.01,PairWise,IM,1,0.0
random_4,2,5,1.3,0.0,0.01,PairWise,IM,1,0.0
random_4,3,5,1.3,0.0,0.01,PairWise,IM,1,0.0
random_4,4,5,1.3,0.0,0.01,PairWise,IM,1,0.0
random_4,5,5,1.3,0.0,0.01,PairWise,IM,1,0.0
random_4,6,5,1.3,0.0,0.01,PairWise,IM,1,0.0
random_4,1,6,1.3,0.0,0.01,PairWise,IM,1,0.0
random_4,2,6,1.3,0.0,0.01,PairWise,IM,1,0.0
random_4,3,6,1.3,0.0,0.01,PairWise,IM,1,0.0
random_4,4,6,1.3,0.0,0.01,PairWise,IM,1,0.0
random_4,5,6,1.3,0.0,0.01,PairWise,IM,1,0.0
random_4,6,6,1.3,0.0,0.01,PairWise,IM,1,0.0
random_4,1,1,1.4,0.0,0.01,PairWise,IM,1,0.0040006299937
random_4,2,1,1.4,0.0,0.01,PairWise,IM,1,0.0
random_4,3,1,1.4,0.0,0.01,PairWise,IM,1,0.0
random_4,4,1,1.4,0.0,0.01,PairWise,IM,1,0.0
random_4,5,1,1.4,0.0,0.01,PairWise,IM,1,0.0
random_4,6,1,1.4,0.0,0.01,PairWise,IM,1,0.0
random_4,1,2,1.4,0.0,0.01,PairWise,IM,1,0.0
random_4,2,2,1.4,0.0,0.01,PairWise,IM,1,0.0
random_4,3,2,1.4,0.0,0.01,PairWise,IM,1,0.0
random_4,4,2,1.4,0.0,0.01,PairWise,IM,1,0.0
random_4,5,2,1.4,0.0,0.01,PairWise,IM,1,0.0
random_4,6,2,1.4,0.0,0.01,PairWise,IM,1,0.0
random_4,1,3,1.4,0.0,0.01,PairWise,IM,1,0.0
random_4,2,3,1.4,0.0,0.01,PairWise,IM,1,0.0
random_4,3,3,1.4,0.0,0.01,PairWise,IM,1,0.0
random_4,4,3,1.4,0.0,0.01,PairWise,IM,1,0.0
random_4,5,3,1.4,0.0,0.01,PairWise,IM,1,0.0
random_4,6,3,1.4,0.0,0.01,PairWise,IM,1,0.0
random_4,1,4,1.4,0.0,0.01,PairWise,IM,1,0.0
random_4,2,4,1.4,0.0,0.01,PairWise,IM,1,0.0
random_4,3,4,1.4,0.0,0.01,PairWise,IM,1,0.0
random_4,4,4,1.4,0.0,0.01,PairWise,IM,1,0.0
random_4,5,4,1.4,0.0,0.01,PairWise,IM,1,0.0
random_4,6,4,1.4,0.0,0.01,PairWise,IM,1,0.0
random_4,1,5,1.4,0.0,0.01,PairWise,IM,1,0.0
random_4,2,5,1.4,0.0,0.01,PairWise,IM,1,0.0
random_4,3,5,1.4,0.0,0.01,PairWise,IM,1,0.0
random_4,4,5,1.4,0.0,0.01,PairWise,IM,1,0.0
random_4,5,5,1.4,0.0,0.01,PairWise,IM,1,0.0
random_4,6,5,1.4,0.0,0.01,PairWise,IM,1,0.0
random_4,1,6,1.4,0.0,0.01,PairWise,IM,1,0.0
random_4,2,6,1.4,0.0,0.01,PairWise,IM,1,0.0
random_4,3,6,1.4,0.0,0.01,PairWise,IM,1,0.0
random_4,4,6,1.4,0.0,0.01,PairWise,IM,1,0.0
random_4,5,6,1.4,0.0,0.01,PairWise,IM,1,0.0
random_4,6,6,1.4,0.0,0.01,PairWise,IM,1,0.0
random_4,1,1,1.5,0.0,0.01,PairWise,IM,1,0.0
random_4,2,1,1.5,0.0,0.01,PairWise,IM,1,0.0
random_4,3,1,1.5,0.0,0.01,PairWise,IM,1,0.0
random_4,4,1,1.5,0.0,0.01,PairWise,IM,1,0.0
random_4,5,1,1.5,0.0,0.01,PairWise,IM,1,0.0
random_4,6,1,1.5,0.0,0.01,PairWise,IM,1,0.0
random_4,1,2,1.5,0.0,0.01,PairWise,IM,1,0.0
random_4,2,2,1.5,0.0,0.01,PairWise,IM,1,0.0
random_4,3,2,1.5,0.0,0.01,PairWise,IM,1,0.0
random_4,4,2,1.5,0.0,0.01,PairWise,IM,1,0.0
random_4,5,2,1.5,0.0,0.01,PairWise,IM,1,0.0
random_4,6,2,1.5,0.0,0.01,PairWise,IM,1,0.0
random_4,1,3,1.5,0.0,0.01,PairWise,IM,1,0.0
random_4,2,3,1.5,0.0,0.01,PairWise,IM,1,0.0
random_4,3,3,1.5,0.0,0.01,PairWise,IM,1,0.0
random_4,4,3,1.5,0.0,0.01,PairWise,IM,1,0.0
random_4,5,3,1.5,0.0,0.01,PairWise,IM,1,0.0
random_4,6,3,1.5,0.0,0.01,PairWise,IM,1,0.0
random_4,1,4,1.5,0.0,0.01,PairWise,IM,1,0.0
random_4,2,4,1.5,0.0,0.01,PairWise,IM,1,0.0
random_4,3,4,1.5,0.0,0.01,PairWise,IM,1,0.0
random_4,4,4,1.5,0.0,0.01,PairWise,IM,1,0.0
random_4,5,4,1.5,0.0,0.01,PairWise,IM,1,0.0
random_4,6,4,1.5,0.0,0.01,PairWise,IM,1,0.0
random_4,1,5,1.5,0.0,0.01,PairWise,IM,1,0.0
random_4,2,5,1.5,0.0,0.01,PairWise,IM,1,0.0
random_4,3,5,1.5,0.0,0.01,PairWise,IM,1,0.0
random_4,4,5,1.5,0.0,0.01,PairWise,IM,1,0.0
random_4,5,5,1.5,0.0,0.01,PairWise,IM,1,0.0
random_4,6,5,1.5,0.0,0.01,PairWise,IM,1,0.0
random_4,1,6,1.5,0.0,0.01,PairWise,IM,1,0.0
random_4,2,6,1.5,0.0,0.01,PairWise,IM,1,0.0
random_4,3,6,1.5,0.0,0.01,PairWise,IM,1,0.0
random_4,4,6,1.5,0.0,0.01,PairWise,IM,1,0.0
random_4,5,6,1.5,0.0,0.01,PairWise,IM,1,0.0
random_4,6,6,1.5,0.0,0.01,PairWise,IM,1,0.0
random_4,1,1,1.1,0.01,0.01,PairWise,IM,1,0.0
random_4,2,1,1.1,0.01,0.01,PairWise,IM,1,0.0
random_4,3,1,1.1,0.01,0.01,PairWise,IM,1,0.0
random_4,4,1,1.1,0.01,0.01,PairWise,IM,1,0.0
random_4,5,1,1.1,0.01,0.01,PairWise,IM,1,0.0
random_4,6,1,1.1,0.01,0.01,PairWise,IM,1,0.0
random_4,1,2,1.1,0.01,0.01,PairWise,IM,1,0.0
random_4,2,2,1.1,0.01,0.01,PairWise,IM,1,1.0
random_4,3,2,1.1,0.01,0.01,PairWise,IM,1,0.0
random_4,4,2,1.1,0.01,0.01,PairWise,IM,1,0.0
random_4,5,2,1.1,0.01,0.01,PairWise,IM,1,0.0
random_4,6,2,1.1,0.01,0.01,PairWise,IM,1,0.0
random_4,1,3,1.1,0.01,0.01,PairWise,IM,1,0.0
random_4,2,3,1.1,0.01,0.01,PairWise,IM,1,0.0
random_4,3,3,1.1,0.01,0.01,PairWise,IM,1,0.0
random_4,4,3,1.1,0.01,0.01,PairWise,IM,1,0.0
random_4,5,3,1.1,0.01,0.01,PairWise,IM,1,0.0
random_4,6,3,1.1,0.01,0.01,PairWise,IM,1,0.0
random_4,1,4,1.1,0.01,0.01,PairWise,IM,1,0.0
random_4,2,4,1.1,0.01,0.01,PairWise,IM,1,0.0
random_4,3,4,1.1,0.01,0.01,PairWise,IM,1,0.0
random_4,4,4,1.1,0.01,0.01,PairWise,IM,1,0.0
random_4,5,4,1.1,0.01,0.01,PairWise,IM,1,0.0
random_4,6,4,1.1,0.01,0.01,PairWise,IM,1,0.0
random_4,1,5,1.1,0.01,0.01,PairWise,IM,1,0.0
random_4,2,5,1.1,0.01,0.01,PairWise,IM,1,0.0
random_4,3,5,1.1,0.01,0.01,PairWise,IM,1,0.0
random_4,4,5,1.1,0.01,0.01,PairWise,IM,1,0.0
random_4,5,5,1.1,0.01,0.01,PairWise,IM,1,0.0
random_4,6,5,1.1,0.01,0.01,PairWise,IM,1,0.0
random_4,1,6,1.1,0.01,0.01,PairWise,IM,1,0.0
random_4,2,6,1.1,0.01,0.01,PairWise,IM,1,0.0
random_4,3,6,1.1,0.01,0.01,PairWise,IM,1,0.0
random_4,4,6,1.1,0.01,0.01,PairWise,IM,1,0.0
random_4,5,6,1.1,0.01,0.01,PairWise,IM,1,0.0
random_4,6,6,1.1,0.01,0.01,PairWise,IM,1,0.0
random_4,1,1,1.2,0.01,0.01,PairWise,IM,1,0.0
random_4,2,1,1.2,0.01,0.01,PairWise,IM,1,0.5419912000879992
random_4,3,1,1.2,0.01,0.01,PairWise,IM,1,0.0
random_4,4,1,1.2,0.01,0.01,PairWise,IM,1,0.0
random_4,1,1,1.1,0.0,0.01,PairWise,IM,22,0.0
random_4,2,1,1.1,0.0,0.01,PairWise,IM,22,1.0
random_4,3,1,1.1,0.0,0.01,PairWise,IM,22,0.0
random_4,4,1,1.1,0.0,0.01,PairWise,IM,22,0.0
random_4,5,1,1.1,0.0,0.01,PairWise,IM,22,0.0
random_4,6,1,1.1,0.0,0.01,PairWise,IM,22,0.0
random_4,1,2,1.1,0.0,0.01,PairWise,IM,22,0.0
random_4,2,2,1.1,0.0,0.01,PairWise,IM,22,1.0
random_4,3,2,1.1,0.0,0.01,PairWise,IM,22,0.0
random_4,4,2,1.1,0.0,0.01,PairWise,IM,22,0.0
random_4,5,2,1.1,0.0,0.01,PairWise,IM,22,0.0
random_4,6,2,1.1,0.0,0.01,PairWise,IM,22,0.0
random_4,1,3,1.1,0.0,0.01,PairWise,IM,22,0.0
random_4,2,3,1.1,0.0,0.01,PairWise,IM,22,0.0
random_4,3,3,1.1,0.0,0.01,PairWise,IM,22,0.0
random_4,4,3,1.1,0.0,0.01,PairWise,IM,22,0.0
random_4,5,3,1.1,0.0,0.01,PairWise,IM,22,0.0
random_4,6,3,1.1,0.0,0.01,PairWise,IM,22,0.0
random_4,1,4,1.1,0.0,0.01,PairWise,IM,22,0.0
random_4,2,4,1.1,0.0,0.01,PairWise,IM,22,0.0
random_4,3,4,1.1,0.0,0.01,PairWise,IM,22,0.0
random_4,4,4,1.1,0.0,0.01,PairWise,IM,22,0.0
random_4,5,4,1.1,0.0,0.01,PairWise,IM,22,0.0
random_4,6,4,1.1,0.0,0.01,PairWise,IM,22,0.0
random_4,1,5,1.1,0.0,0.01,PairWise,IM,22,0.0
random_4,2,5,1.1,0.0,0.01,PairWise,IM,22,0.0
random_4,3,5,1.1,0.0,0.01,PairWise,IM,22,0.0
random_4,4,5,1.1,0.0,0.01,PairWise,IM,22,0.0
random_4,5,5,1.1,0.0,0.01,PairWise,IM,22,0.0
random_4,6,5,1.1,0.0,0.01,PairWise,IM,22,0.0
random_4,1,6,1.1,0.0,0.01,PairWise,IM,22,0.0
random_4,2,6,1.1,0.0,0.01,PairWise,IM,22,0.0
random_4,3,6,1.1,0.0,0.01,PairWise,IM,22,0.0
random_4,4,6,1.1,0.0,0.01,PairWise,IM,22,0.0
random_4,5,6,1.1,0.0,0.01,PairWise,IM,22,0.0
random_4,6,6,1.1,0.0,0.01,PairWise,IM,22,0.0
random_4,1,1,1.2,0.0,0.01,PairWise,IM,22,0.0
random_4,2,1,1.2,0.0,0.01,PairWise,IM,22,0.0
random_4,3,1,1.2,0.0,0.01,PairWise,IM,22,0.0
random_4,4,1,1.2,0.0,0.01,PairWise,IM,22,0.0
random_4,5,1,1.2,0.0,0.01,PairWise,IM,22,0.0
random_4,6,1,1.2,0.0,0.01,PairWise,IM,22,0.0
random_4,1,2,1.2,0.0,0.01,PairWise,IM,22,0.0
random_4,2,2,1.2,0.0,0.01,PairWise,IM,22,0.0
random_4,3,2,1.2,0.0,0.01,PairWise,IM,22,0.0
random_4,4,2,1.2,0.0,0.01,PairWise,IM,22,0.0
random_4,5,2,1.2,0.0,0.01,PairWise,IM,22,0.0
random_4,6,2,1.2,0.0,0.01,PairWise,IM,22,0.0
random_4,1,3,1.2,0.0,0.01,PairWise,IM,22,0.0
random_4,2,3,1.2,0.0,0.01,PairWise,IM,22,0.0
random_4,3,3,1.2,0.0,0.01,PairWise,IM,22,0.0
random_4,4,3,1.2,0.0,0.01,PairWise,IM,22,0.0
random_4,5,3,1.2,0.0,0.01,PairWise,IM,22,0.0
random_4,6,3,1.2,0.0,0.01,PairWise,IM,22,0.0
random_4,1,4,1.2,0.0,0.01,PairWise,IM,22,0.0
random_4,2,4,1.2,0.0,0.01,PairWise,IM,22,0.0
random_4,3,4,1.2,0.0,0.01,PairWise,IM,22,0.0
random_4,4,4,1.2,0.0,0.01,PairWise,IM,22,0.0
random_4,5,4,1.2,0.0,0.01,PairWise,IM,22,0.0
random_4,6,4,1.2,0.0,0.01,PairWise,IM,22,0.0
random_4,1,5,1.2,0.0,0.01,PairWise,IM,22,0.0
random_4,2,5,1.2,0.0,0.01,PairWise,IM,22,0.0
random_4,3,5,1.2,0.0,0.01,PairWise,IM,22,0.0
random_4,4,5,1.2,0.0,0.01,PairWise,IM,22,0.0
random_4,5,5,1.2,0.0,0.01,PairWise,IM,22,0.0
random_4,6,5,1.2,0.0,0.01,PairWise,IM,22,0.0
random_4,1,6,1.2,0.0,0.01,PairWise,IM,22,0.0
random_4,2,6,1.2,0.0,0.01,PairWise,IM,22,0.0
random_4,3,6,1.2,0.0,0.01,PairWise,IM,22,0.0
random_4,4,6,1.2,0.0,0.01,PairWise,IM,22,0.0
random_4,5,6,1.2,0.0,0.01,PairWise,IM,22,0.0
random_4,6,6,1.2,0.0,0.01,PairWise,IM,22,0.0
random_4,1,1,1.3,0.0,0.01,PairWise,IM,22,0.0
random_4,2,1,1.3,0.0,0.01,PairWise,IM,22,0.2867121528784711
random_4,3,1,1.3,0.0,0.01,PairWise,IM,22,0.0
random_4,4,1,1.3,0.0,0.01,PairWise,IM,22,0.0
random_4,5,1,1.3,0.0,0.01,PairWise,IM,22,0.0
random_4,6,1,1.3,0.0,0.01,PairWise,IM,22,0.0
random_4,1,2,1.3,0.0,0.01,PairWise,IM,22,0.0
random_4,2,2,1.3,0.0,0.01,PairWise,IM,22,0.0
random_4,3,2,1.3,0.0,0.01,PairWise,IM,22,0.0
random_4,4,2,1.3,0.0,0.01,PairWise,IM,22,0.0
random_4,5,2,1.3,0.0,0.01,PairWise,IM,22,0.0
random_4,6,2,1.3,0.0,0.01,PairWise,IM,22,0.0
random_4,1,3,1.3,0.0,0.01,PairWise,IM,22,0.0
random_4,2,3,1.3,0.0,0.01,PairWise,IM,22,0.0
random_4,3,3,1.3,0.0,0.01,PairWise,IM,22,0.0
random_4,4,3,1.3,0.0,0.01,PairWise,IM,22,0.0
random_4,5,3,1.3,0.0,0.01,PairWise,IM,22,0.0
random_4,6,3,1.3,0.0,0.01,PairWise,IM,22,0.0
random_4,1,4,1.3,0.0,0.01,PairWise,IM,22,0.0
random_4,2,4,1.3,0.0,0.01,PairWise,IM,22,0.0
random_4,3,4,1.3,0.0,0.01,PairWise,IM,22,0.0
random_4,4,4,1.3,0.0,0.01,PairWise,IM,22,0.0
random_4,5,4,1.3,0.0,0.01,PairWise,IM,22,0.0
random_4,6,4,1.3,0.0,0.01,PairWise,IM,22,0.0
random_4,1,5,1.3,0.0,0.01,PairWise,IM,22,0.0
random_4,2,5,1.3,0.0,0.01,PairWise,IM,22,0.0
random_4,3,5,1.3,0.0,0.01,PairWise,IM,22,0.0
random_4,4,5,1.3,0.0,0.01,PairWise,IM,22,0.0
random_4,5,5,1.3,0.0,0.01,PairWise,IM,22,0.0
random_4,6,5,1.3,0.0,0.01,PairWise,IM,22,0.0
random_4,1,6,1.3,0.0,0.01,PairWise,IM,22,0.0
random_4,2,6,1.3,0.0,0.01,PairWise,IM,22,0.0
random_4,3,6,1.3,0.0,0.01,PairWise,IM,22,0.0
random_4,4,6,1.3,0.0,0.01,PairWise,IM,22,0.0
random_4,5,6,1.3,0.0,0.01,PairWise,IM,22,0.0
random_4,6,6,1.3,0.0,0.01,PairWise,IM,22,0.0
random_4,1,1,1.4,0.0,0.01,PairWise,IM,22,0.0077024929750702
random_4,2,1,1.4,0.0,0.01,PairWise,IM,22,0.0
random_4,3,1,1.4,0.0,0.01,PairWise,IM,22,0.0
random_4,4,1,1.4,0.0,0.01,PairWise,IM,22,0.0
random_4,5,1,1.4,0.0,0.01,PairWise,IM,22,0.0
random_4,6,1,1.4,0.0,0.01,PairWise,IM,22,0.0
random_4,1,2,1.4,0.0,0.01,PairWise,IM,22,0.0
random_4,2,2,1.4,0.0,0.01,PairWise,IM,22,0.0
random_4,3,2,1.4,0.0,0.01,PairWise,IM,22,0.0
random_4,4,2,1.4,0.0,0.01,PairWise,IM,22,0.0
random_4,5,2,1.4,0.0,0.01,PairWise,IM,22,0.0
random_4,6,2,1.4,0.0,0.01,PairWise,IM,22,0.0
random_4,1,3,1.4,0.0,0.01,PairWise,IM,22,0.0
random_4,2,3,1.4,0.0,0.01,PairWise,IM,22,0.0
random_4,3,3,1.4,0.0,0.01,PairWise,IM,22,0.0
random_4,4,3,1.4,0.0,0.01,PairWise,IM,22,0.0
random_4,5,3,1.4,0.0,0.01,PairWise,IM,22,0.0
random_4,6,3,1.4,0.0,0.01,PairWise,IM,22,0.0
random_4,1,4,1.4,0.0,0.01,PairWise,IM,22,0.0
random_4,2,4,1.4,0.0,0.01,PairWise,IM,22,0.0
random_4,3,4,1.4,0.0,0.01,PairWise,IM,22,0.0
random_4,4,4,1.4,0.0,0.01,PairWise,IM,22,0.0
random_4,5,4,1.4,0.0,0.01,PairWise,IM,22,0.0
random_4,6,4,1.4,0.0,0.01,PairWise,IM,22,0.0
random_4,1,5,1.4,0.0,0.01,PairWise,IM,22,0.0
random_4,2,5,1.4,0.0,0.01,PairWise,IM,22,0.0
random_4,3,5,1.4,0.0,0.01,PairWise,IM,22,0.0
random_4,4,5,1.4,0.0,0.01,PairWise,IM,22,0.0
random_4,5,5,1.4,0.0,0.01,PairWise,IM,22,0.0
random_4,6,5,1.4,0.0,0.01,PairWise,IM,22,0.0
random_4,1,6,1.4,0.0,0.01,PairWise,IM,22,0.0
random_4,2,6,1.4,0.0,0.01,PairWise,IM,22,0.0
random_4,3,6,1.4,0.0,0.01,PairWise,IM,22,0.0
random_4,4,6,1.4,0.0,0.01,PairWise,IM,22,0.0
random_4,5,6,1.4,0.0,0.01,PairWise,IM,22,0.0
random_4,6,6,1.4,0.0,0.01,PairWise,IM,22,0.0
random_4,1,1,1.5,0.0,0.01,PairWise,IM,22,0.0143177068229317
random_4,2,1,1.5,0.0,0.01,PairWise,IM,22,0.0
random_4,3,1,1.5,0.0,0.01,PairWise,IM,22,0.0
random_4,4,1,1.5,0.0,0.01,PairWise,IM,22,0.0
random_4,5,1,1.5,0.0,0.01,PairWise,IM,22,0.0
random_4,6,1,1.5,0.0,0.01,PairWise,IM,22,0.0
random_4,1,2,1.5,0.0,0.01,PairWise,IM,22,0.0
random_4,2,2,1.5,0.0,0.01,PairWise,IM,22,0.0
random_4,3,2,1.5,0.0,0.01,PairWise,IM,22,0.0
random_4,4,2,1.5,0.0,0.01,PairWise,IM,22,0.0
random_4,5,2,1.5,0.0,0.01,PairWise,IM,22,0.0
random_4,6,2,1.5,0.0,0.01,PairWise,IM,22,0.0
random_4,1,3,1.5,0.0,0.01,PairWise,IM,22,0.0
random_4,2,3,1.5,0.0,0.01,PairWise,IM,22,0.0
random_4,3,3,1.5,0.0,0.01,PairWise,IM,22,0.0
random_4,4,3,1.5,0.0,0.01,PairWise,IM,22,0.0
random_4,5,3,1.5,0.0,0.01,PairWise,IM,22,0.0
random_4,6,3,1.5,0.0,0.01,PairWise,IM,22,0.0
random_4,1,4,1.5,0.0,0.01,PairWise,IM,22,0.0
random_4,2,4,1.5,0.0,0.01,PairWise,IM,22,0.0
random_4,3,4,1.5,0.0,0.01,PairWise,IM,22,0.0
random_4,4,4,1.5,0.0,0.01,PairWise,IM,22,0.0
random_4,5,4,1.5,0.0,0.01,PairWise,IM,22,0.0
random_4,6,4,1.5,0.0,0.01,PairWise,IM,22,0.0
random_4,1,5,1.5,0.0,0.01,PairWise,IM,22,0.0
random_4,2,5,1.5,0.0,0.01,PairWise,IM,22,0.0
random_4,3,5,1.5,0.0,0.01,PairWise,IM,22,0.0
random_4,4,5,1.5,0.0,0.01,PairWise,IM,22,0.0
random_4,5,5,1.5,0.0,0.01,PairWise,IM,22,0.0
random_4,6,5,1.5,0.0,0.01,PairWise,IM,22,0.0
random_4,1,6,1.5,0.0,0.01,PairWise,IM,22,0.0
random_4,2,6,1.5,0.0,0.01,PairWise,IM,22,0.0
random_4,3,6,1.5,0.0,0.01,PairWise,IM,22,0.0
random_4,4,6,1.5,0.0,0.01,PairWise,IM,22,0.0
random_4,5,6,1.5,0.0,0.01,PairWise,IM,22,0.0
random_4,6,6,1.5,0.0,0.01,PairWise,IM,22,0.0
random_4,1,1,1.1,0.01,0.01,PairWise,IM,22,0.0
random_4,2,1,1.1,0.01,0.01,PairWise,IM,22,0.9970018699812964
random_4,3,1,1.1,0.01,0.01,PairWise,IM,22,0.5639099909000911
random_4,4,1,1.1,0.01,0.01,PairWise,IM,22,0.0
random_4,5,1,1.1,0.01,0.01,PairWise,IM,22,0.0
random_4,6,1,1.1,0.01,0.01,PairWise,IM,22,0.0
random_4,1,2,1.1,0.01,0.01,PairWise,IM,22,0.0
random_4,2,2,1.1,0.01,0.01,PairWise,IM,22,0.0
random_4,3,2,1.1,0.01,0.01,PairWise,IM,22,0.0
random_4,4,2,1.1,0.01,0.01,PairWise,IM,22,0.0
random_4,5,2,1.1,0.01,0.01,PairWise,IM,22,0.0
random_4,6,2,1.1,0.01,0.01,PairWise,IM,22,0.0
random_4,1,3,1.1,0.01,0.01,PairWise,IM,22,0.0
random_4,2,3,1.1,0.01,0.01,PairWise,IM,22,0.0
random_4,3,3,1.1,0.01,0.01,PairWise,IM,22,0.0
random_4,4,3,1.1,0.01,0.01,PairWise,IM,22,0.0
random_4,5,3,1.1,0.01,0.01,PairWise,IM,22,0.0
random_4,6,3,1.1,0.01,0.01,PairWise,IM,22,0.0
random_4,1,4,1.1,0.01,0.01,PairWise,IM,22,0.0
random_4,2,4,1.1,0.01,0.01,PairWise,IM,22,0.0
random_4,3,4,1.1,0.01,0.01,PairWise,IM,22,0.0
random_4,4,4,1.1,0.01,0.01,PairWise,IM,22,0.0
random_4,5,4,1.1,0.01,0.01,PairWise,IM,22,0.0
random_4,6,4,1.1,0.01,0.01,PairWise,IM,22,0.0
random_4,1,5,1.1,0.01,0.01,PairWise,IM,22,0.0
random_4,2,5,1.1,0.01,0.01,PairWise,IM,22,0.0
random_4,3,5,1.1,0.01,0.01,PairWise,IM,22,0.0
random_4,4,5,1.1,0.01,0.01,PairWise,IM,22,0.0
random_4,5,5,1.1,0.01,0.01,PairWise,IM,22,0.0
random_4,6,5,1.1,0.01,0.01,PairWise,IM,22,0.0
random_4,1,6,1.1,0.01,0.01,PairWise,IM,22,0.0
random_4,2,6,1.1,0.01,0.01,PairWise,IM,22,0.0
random_4,3,6,1.1,0.01,0.01,PairWise,IM,22,0.0
random_4,4,6,1.1,0.01,0.01,PairWise,IM,22,0.0
random_4,5,6,1.1,0.01,0.01,PairWise,IM,22,0.0
random_4,6,6,1.1,0.01,0.01,PairWise,IM,22,0.0
random_4,1,1,1.2,0.01,0.01,PairWise,IM,22,0.0
random_4,2,1,1.2,0.01,0.01,PairWise,IM,22,0.439209827901721
random_4,3,1,1.2,0.01,0.01,PairWise,IM,22,0.0
random_4,4,1,1.2,0.01,0.01,PairWise,IM,22,0.0
random_4,1,1,1.1,0.0,0.01,PairWise,IM,19,0.0
random_4,2,1,1.1,0.0,0.01,PairWise,IM,19,0.0
random_4,3,1,1.1,0.0,0.01,PairWise,IM,19,0.0
random_4,4,1,1.1,0.0,0.01,PairWise,IM,19,0.0
random_4,5,1,1.1,0.0,0.01,PairWise,IM,19,0.0
random_4,6,1,1.1,0.0,0.01,PairWise,IM,19,0.0
random_4,1,2,1.1,0.0,0.01,PairWise,IM,19,0.0
random_4,2,2,1.1,0.0,0.01,PairWise,IM,19,1.0
random_4,3,2,1.1,0.0,0.01,PairWise,IM,19,0.0
random_4,4,2,1.1,0.0,0.01,PairWise,IM,19,0.0
random_4,5,2,1.1,0.0,0.01,PairWise,IM,19,0.0
random_4,6,2,1.1,0.0,0.01,PairWise,IM,19,0.0
random_4,1,3,1.1,0.0,0.01,PairWise,IM,19,0.0
random_4,2,3,1.1,0.0,0.01,PairWise,IM,19,0.0
random_4,3,3,1.1,0.0,0.01,PairWise,IM,19,0.0
random_4,4,3,1.1,0.0,0.01,PairWise,IM,19,0.0
random_4,5,3,1.1,0.0,0.01,PairWise,IM,19,0.0
random_4,6,3,1.1,0.0,0.01,PairWise,IM,19,0.0
random_4,1,4,1.1,0.0,0.01,PairWise,IM,19,0.0
random_4,2,4,1.1,0.0,0.01,PairWise,IM,19,0.0
random_4,3,4,1.1,0.0,0.01,PairWise,IM,19,0.0
random_4,4,4,1.1,0.0,0.01,PairWise,IM,19,0.0
random_4,5,4,1.1,0.0,0.01,PairWise,IM,19,0.0
random_4,6,4,1.1,0.0,0.01,PairWise,IM,19,0.0
random_4,1,5,1.1,0.0,0.01,PairWise,IM,19,0.0
random_4,2,5,1.1,0.0,0.01,PairWise,IM,19,0.0
random_4,3,5,1.1,0.0,0.01,PairWise,IM,19,0.0
random_4,4,5,1.1,0.0,0.01,PairWise,IM,19,0.0
random_4,5,5,1.1,0.0,0.01,PairWise,IM,19,0.0
random_4,6,5,1.1,0.0,0.01,PairWise,IM,19,0.0
random_4,1,6,1.1,0.0,0.01,PairWise,IM,19,0.0
random_4,2,6,1.1,0.0,0.01,PairWise,IM,19,0.0
random_4,3,6,1.1,0.0,0.01,PairWise,IM,19,0.0
random_4,4,6,1.1,0.0,0.01,PairWise,IM,19,0.0
random_4,5,6,1.1,0.0,0.01,PairWise,IM,19,0.0
random_4,6,6,1.1,0.0,0.01,PairWise,IM,19,0.0
random_4,1,1,1.2,0.0,0.01,PairWise,IM,19,0.0104877551224487
random_4,2,1,1.2,0.0,0.01,PairWise,IM,19,0.0
random_4,3,1,1.2,0.0,0.01,PairWise,IM,19,0.0
random_4,4,1,1.2,0.0,0.01,PairWise,IM,19,0.0
random_4,5,1,1.2,0.0,0.01,PairWise,IM,19,0.0
random_4,6,1,1.2,0.0,0.01,PairWise,IM,19,0.0
random_4,1,2,1.2,0.0,0.01,PairWise,IM,19,0.0
random_4,2,2,1.2,0.0,0.01,PairWise,IM,19,0.0
random_4,3,2,1.2,0.0,0.01,PairWise,IM,19,0.0
random_4,4,2,1.2,0.0,0.01,PairWise,IM,19,0.0
random_4,5,2,1.2,0.0,0.01,PairWise,IM,19,0.0
random_4,6,2,1.2,0.0,0.01,PairWise,IM,19,0.0
random_4,1,3,1.2,0.0,0.01,PairWise,IM,19,0.0
random_4,2,3,1.2,0.0,0.01,PairWise,IM,19,0.0
random_4,3,3,1.2,0.0,0.01,PairWise,IM,19,0.0
random_4,4,3,1.2,0.0,0.01,PairWise,IM,19,0.0
random_4,5,3,1.2,0.0,0.01,PairWise,IM,19,0.0
random_4,6,3,1.2,0.0,0.01,PairWise,IM,19,0.0
random_4,1,4,1.2,0.0,0.01,PairWise,IM,19,0.0
random_4,2,4,1.2,0.0,0.01,PairWise,IM,19,0.0
random_4,3,4,1.2,0.0,0.01,PairWise,IM,19,0.0
random_4,4,4,1.2,0.0,0.01,PairWise,IM,19,0.0
random_4,5,4,1.2,0.0,0.01,PairWise,IM,19,0.0
random_4,6,4,1.2,0.0,0.01,PairWise,IM,19,0.0
random_4,1,5,1.2,0.0,0.01,PairWise,IM,19,0.0
random_4,2,5,1.2,0.0,0.01,PairWise,IM,19,0.0
random_4,3,5,1.2,0.0,0.01,PairWise,IM,19,0.0
random_4,4,5,1.2,0.0,0.01,PairWise,IM,19,0.0
random_4,5,5,1.2,0.0,0.01,PairWise,IM,19,0.0
random_4,6,5,1.2,0.0,0.01,PairWise,IM,19,0.0
random_4,1,6,1.2,0.0,0.01,PairWise,IM,19,0.0
random_4,2,6,1.2,0.0,0.01,PairWise,IM,19,0.0
random_4,3,6,1.2,0.0,0.01,PairWise,IM,19,0.0
random_4,4,6,1.2,0.0,0.01,PairWise,IM,19,0.0
random_4,5,6,1.2,0.0,0.01,PairWise,IM,19,0.0
random_4,6,6,1.2,0.0,0.01,PairWise,IM,19,0.0
random_4,1,1,1.3,0.0,0.01,PairWise,IM,19,0.0
random_4,2,1,1.3,0.0,0.01,PairWise,IM,19,0.271130248697513
random_4,3,1,1.3,0.0,0.01,PairWise,IM,19,0.0
random_4,4,1,1.3,0.0,0.01,PairWise,IM,19,0.0
random_4,5,1,1.3,0.0,0.01,PairWise,IM,19,0.0
random_4,6,1,1.3,0.0,0.01,PairWise,IM,19,0.0
random_4,1,2,1.3,0.0,0.01,PairWise,IM,19,0.0
random_4,2,2,1.3,0.0,0.01,PairWise,IM,19,0.0
random_4,3,2,1.3,0.0,0.01,PairWise,IM,19,0.0
random_4,4,2,1.3,0.0,0.01,PairWise,IM,19,0.0
random_4,5,2,1.3,0.0,0.01,PairWise,IM,19,0.0
random_4,6,2,1.3,0.0,0.01,PairWise,IM,19,0.0
random_4,1,3,1.3,0.0,0.01,PairWise,IM,19,0.0
random_4,2,3,1.3,0.0,0.01,PairWise,IM,19,0.0
random_4,3,3,1.3,0.0,0.01,PairWise,IM,19,0.0
random_4,4,3,1.3,0.0,0.01,PairWise,IM,19,0.0
random_4,5,3,1.3,0.0,0.01,PairWise,IM,19,0.0
random_4,6,3,1.3,0.0,0.01,PairWise,IM,19,0.0
random_4,1,4,1.3,0.0,0.01,PairWise,IM,19,0.0
random_4,2,4,1.3,0.0,0.01,PairWise,IM,19,0.0
random_4,3,4,1.3,0.0,0.01,PairWise,IM,19,0.0
random_4,4,4,1.3,0.0,0.01,PairWise,IM,19,0.0
random_4,5,4,1.3,0.0,0.01,PairWise,IM,19,0.0
random_4,6,4,1.3,0.0,0.01,PairWise,IM,19,0.0
random_4,1,5,1.3,0.0,0.01,PairWise,IM,19,0.0
random_4,2,5,1.3,0.0,0.01,PairWise,IM,19,0.0
random_4,3,5,1.3,0.0,0.01,PairWise,IM,19,0.0
random_4,4,5,1.3,0.0,0.01,PairWise,IM,19,0.0
random_4,5,5,1.3,0.0,0.01,PairWise,IM,19,0.0
random_4,6,5,1.3,0.0,0.01,PairWise,IM,19,0.0
random_4,1,6,1.3,0.0,0.01,PairWise,IM,19,0.0
random_4,2,6,1.3,0.0,0.01,PairWise,IM,19,0.0
random_4,3,6,1.3,0.0,0.01,PairWise,IM,19,0.0
random_4,4,6,1.3,0.0,0.01,PairWise,IM,19,0.0
random_4,5,6,1.3,0.0,0.01,PairWise,IM,19,0.0
random_4,6,6,1.3,0.0,0.01,PairWise,IM,19,0.0
random_4,1,1,1.4,0.0,0.01,PairWise,IM,19,0.0
random_4,2,1,1.4,0.0,0.01,PairWise,IM,19,0.0
random_4,3,1,1.4,0.0,0.01,PairWise,IM,19,0.0
random_4,4,1,1.4,0.0,0.01,PairWise,IM,19,0.0
random_4,5,1,1.4,0.0,0.01,PairWise,IM,19,0.0
random_4,6,1,1.4,0.0,0.01,PairWise,IM,19,0.0
random_4,1,2,1.4,0.0,0.01,PairWise,IM,19,0.0
random_4,2,2,1.4,0.0,0.01,PairWise,IM,19,0.0
random_4,3,2,1.4,0.0,0.01,PairWise,IM,19,0.0
random_4,4,2,1.4,0.0,0.01,PairWise,IM,19,0.0
random_4,5,2,1.4,0.0,0.01,PairWise,IM,19,0.0
random_4,6,2,1.4,0.0,0.01,PairWise,IM,19,0.0
random_4,1,3,1.4,0.0,0.01,PairWise,IM,19,0.0
random_4,2,3,1.4,0.0,0.01,PairWise,IM,19,0.0
random_4,3,3,1.4,0.0,0.01,PairWise,IM,19,0.0
random_4,4,3,1.4,0.0,0.01,PairWise,IM,19,0.0
random_4,5,3,1.4,0.0,0.01,PairWise,IM,19,0.0
random_4,6,3,1.4,0.0,0.01,PairWise,IM,19,0.0
random_4,1,4,1.4,0.0,0.01,PairWise,IM,19,0.0
random_4,2,4,1.4,0.0,0.01,PairWise,IM,19,0.0
random_4,3,4,1.4,0.0,0.01,PairWise,IM,19,0.0
random_4,4,4,1.4,0.0,0.01,PairWise,IM,19,0.0
random_4,5,4,1.4,0.0,0.01,PairWise,IM,19,0.0
random_4,6,4,1.4,0.0,0.01,PairWise,IM,19,0.0
random_4,1,5,1.4,0.0,0.01,PairWise,IM,19,0.0
random_4,2,5,1.4,0.0,0.01,PairWise,IM,19,0.0
random_4,3,5,1.4,0.0,0.01,PairWise,IM,19,0.0
random_4,4,5,1.4,0.0,0.01,PairWise,IM,19,0.0
random_4,5,5,1.4,0.0,0.01,PairWise,IM,19,0.0
random_4,6,5,1.4,0.0,0.01,PairWise,IM,19,0.0
random_4,1,6,1.4,0.0,0.01,PairWise,IM,19,0.0
random_4,2,6,1.4,0.0,0.01,PairWise,IM,19,0.0
random_4,3,6,1.4,0.0,0.01,PairWise,IM,19,0.0
random_4,4,6,1.4,0.0,0.01,PairWise,IM,19,0.0
random_4,5,6,1.4,0.0,0.01,PairWise,IM,19,0.0
random_4,6,6,1.4,0.0,0.01,PairWise,IM,19,0.0
random_4,1,1,1.5,0.0,0.01,PairWise,IM,19,0.0039436705632943
random_4,2,1,1.5,0.0,0.01,PairWise,IM,19,0.0
random_4,3,1,1.5,0.0,0.01,PairWise,IM,19,0.0
random_4,4,1,1.5,0.0,0.01,PairWise,IM,19,0.0
random_4,5,1,1.5,0.0,0.01,PairWise,IM,19,0.0
random_4,6,1,1.5,0.0,0.01,PairWise,IM,19,0.0
random_4,1,2,1.5,0.0,0.01,PairWise,IM,19,0.0
random_4,2,2,1.5,0.0,0.01,PairWise,IM,19,0.0
random_4,3,2,1.5,0.0,0.01,PairWise,IM,19,0.0
random_4,4,2,1.5,0.0,0.01,PairWise,IM,19,0.0
random_4,5,2,1.5,0.0,0.01,PairWise,IM,19,0.0
random_4,6,2,1.5,0.0,0.01,PairWise,IM,19,0.0
random_4,1,3,1.5,0.0,0.01,PairWise,IM,19,0.0
random_4,2,3,1.5,0.0,0.01,PairWise,IM,19,0.0
random_4,3,3,1.5,0.0,0.01,PairWise,IM,19,0.0
random_4,4,3,1.5,0.0,0.01,PairWise,IM,19,0.0
random_4,5,3,1.5,0.0,0.01,PairWise,IM,19,0.0
random_4,6,3,1.5,0.0,0.01,PairWise,IM,19,0.0
random_4,1,4,1.5,0.0,0.01,PairWise,IM,19,0.0
random_4,2,4,1.5,0.0,0.01,PairWise,IM,19,0.0
random_4,3,4,1.5,0.0,0.01,PairWise,IM,19,0.0
random_4,4,4,1.5,0.0,0.01,PairWise,IM,19,0.0
random_4,5,4,1.5,0.0,0.01,PairWise,IM,19,0.0
random_4,6,4,1.5,0.0,0.01,PairWise,IM,19,0.0
random_4,1,5,1.5,0.0,0.01,PairWise,IM,19,0.0
random_4,2,5,1.5,0.0,0.01,PairWise,IM,19,0.0
random_4,3,5,1.5,0.0,0.01,PairWise,IM,19,0.0
random_4,4,5,1.5,0.0,0.01,PairWise,IM,19,0.0
random_4,5,5,1.5,0.0,0.01,PairWise,IM,19,0.0
random_4,6,5,1.5,0.0,0.01,PairWise,IM,19,0.0
random_4,1,6,1.5,0.0,0.01,PairWise,IM,19,0.0
random_4,2,6,1.5,0.0,0.01,PairWise,IM,19,0.0
random_4,3,6,1.5,0.0,0.01,PairWise,IM,19,0.0
random_4,4,6,1.5,0.0,0.01,PairWise,IM,19,0.0
random_4,5,6,1.5,0.0,0.01,PairWise,IM,19,0.0
random_4,6,6,1.5,0.0,0.01,PairWise,IM,19,0.0
random_4,1,1,1.1,0.01,0.01,PairWise,IM,19,0.0
random_4,2,1,1.1,0.01,0.01,PairWise,IM,19,1.0
random_4,3,1,1.1,0.01,0.01,PairWise,IM,19,0.4799980600193999
random_4,4,1,1.1,0.01,0.01,PairWise,IM,19,0.0
random_4,5,1,1.1,0.01,0.01,PairWise,IM,19,0.0
random_4,6,1,1.1,0.01,0.01,PairWise,IM,19,0.0
random_4,1,2,1.1,0.01,0.01,PairWise,IM,19,0.0
random_4,2,2,1.1,0.01,0.01,PairWise,IM,19,0.0
random_4,3,2,1.1,0.01,0.01,PairWise,IM,19,0.0
random_4,4,2,1.1,0.01,0.01,PairWise,IM,19,0.0
random_4,5,2,1.1,0.01,0.01,PairWise,IM,19,0.0
random_4,6,2,1.1,0.01,0.01,PairWise,IM,19,0.0
random_4,1,3,1.1,0.01,0.01,PairWise,IM,19,0.0
random_4,2,3,1.1,0.01,0.01,PairWise,IM,19,0.0
random_4,3,3,1.1,0.01,0.01,PairWise,IM,19,0.0
random_4,4,3,1.1,0.01,0.01,PairWise,IM,19,0.0
random_4,5,3,1.1,0.01,0.01,PairWise,IM,19,0.0
random_4,6,3,1.1,0.01,0.01,PairWise,IM,19,0.0
random_4,1,4,1.1,0.01,0.01,PairWise,IM,19,0.0
random_4,2,4,1.1,0.01,0.01,PairWise,IM,19,0.0
random_4,3,4,1.1,0.01,0.01,PairWise,IM,19,0.0
random_4,4,4,1.1,0.01,0.01,PairWise,IM,19,0.0
random_4,5,4,1.1,0.01,0.01,PairWise,IM,19,0.0
random_4,6,4,1.1,0.01,0.01,PairWise,IM,19,0.0
random_4,1,5,1.1,0.01,0.01,PairWise,IM,19,0.0
random_4,2,5,1.1,0.01,0.01,PairWise,IM,19,0.0
random_4,3,5,1.1,0.01,0.01,PairWise,IM,19,0.0
random_4,4,5,1.1,0.01,0.01,PairWise,IM,19,0.0
random_4,5,5,1.1,0.01,0.01,PairWise,IM,19,0.0
random_4,6,5,1.1,0.01,0.01,PairWise,IM,19,0.0
random_4,1,6,1.1,0.01,0.01,PairWise,IM,19,0.0
random_4,2,6,1.1,0.01,0.01,PairWise,IM,19,0.0
random_4,3,6,1.1,0.01,0.01,PairWise,IM,19,0.0
random_4,4,6,1.1,0.01,0.01,PairWise,IM,19,0.0
random_4,5,6,1.1,0.01,0.01,PairWise,IM,19,0.0
random_4,6,6,1.1,0.01,0.01,PairWise,IM,19,0.0
random_4,1,1,1.2,0.01,0.01,PairWise,IM,19,0.0
random_4,2,1,1.2,0.01,0.01,PairWise,IM,19,0.0
random_4,3,1,1.2,0.01,0.01,PairWise,IM,19,0.0
random_4,4,1,1.2,0.01,0.01,PairWise,IM,19,0.0
random_4,1,1,1.1,0.0,0.01,PairWise,IM,16,0.0
random_4,2,1,1.1,0.0,0.01,PairWise,IM,16,1.0
random_4,3,1,1.1,0.0,0.01,PairWise,IM,16,0.0
random_4,4,1,1.1,0.0,0.01,PairWise,IM,16,0.0
random_4,5,1,1.1,0.0,0.01,PairWise,IM,16,0.0
random_4,6,1,1.1,0.0,0.01,PairWise,IM,16,0.0
random_4,1,2,1.1,0.0,0.01,PairWise,IM,16,0.0
random_4,2,2,1.1,0.0,0.01,PairWise,IM,16,1.0
random_4,3,2,1.1,0.0,0.01,PairWise,IM,16,0.0
random_4,4,2,1.1,0.0,0.01,PairWise,IM,16,0.0
random_4,5,2,1.1,0.0,0.01,PairWise,IM,16,0.0
random_4,6,2,1.1,0.0,0.01,PairWise,IM,16,0.0
random_4,1,3,1.1,0.0,0.01,PairWise,IM,16,0.0
random_4,2,3,1.1,0.0,0.01,PairWise,IM,16,0.0
random_4,3,3,1.1,0.0,0.01,PairWise,IM,16,0.0
random_4,4,3,1.1,0.0,0.01,PairWise,IM,16,0.0
random_4,5,3,1.1,0.0,0.01,PairWise,IM,16,0.0
random_4,6,3,1.1,0.0,0.01,PairWise,IM,16,0.0
random_4,1,4,1.1,0.0,0.01,PairWise,IM,16,0.0
random_4,2,4,1.1,0.0,0.01,PairWise,IM,16,0.0
random_4,3,4,1.1,0.0,0.01,PairWise,IM,16,0.0
random_4,4,4,1.1,0.0,0.01,PairWise,IM,16,0.0
random_4,5,4,1.1,0.0,0.01,PairWise,IM,16,0.0
random_4,6,4,1.1,0.0,0.01,PairWise,IM,16,0.0
random_4,1,5,1.1,0.0,0.01,PairWise,IM,16,0.0
random_4,2,5,1.1,0.0,0.01,PairWise,IM,16,0.0
random_4,3,5,1.1,0.0,0.01,PairWise,IM,16,0.0
random_4,4,5,1.1,0.0,0.01,PairWise,IM,16,0.0
random_4,5,5,1.1,0.0,0.01,PairWise,IM,16,0.0
random_4,6,5,1.1,0.0,0.01,PairWise,IM,16,0.0
random_4,1,6,1.1,0.0,0.01,PairWise,IM,16,0.0
random_4,2,6,1.1,0.0,0.01,PairWise,IM,16,0.0
random_4,3,6,1.1,0.0,0.01,PairWise,IM,16,0.0
random_4,4,6,1.1,0.0,0.01,PairWise,IM,16,0.0
random_4,5,6,1.1,0.0,0.01,PairWise,IM,16,0.0
random_4,6,6,1.1,0.0,0.01,PairWise,IM,16,0.0
random_4,1,1,1.2,0.0,0.01,PairWise,IM,16,0.0
random_4,2,1,1.2,0.0,0.01,PairWise,IM,16,0.5566394936050639
random_4,3,1,1.2,0.0,0.01,PairWise,IM,16,0.0
random_4,4,1,1.2,0.0,0.01,PairWise,IM,16,0.0
random_4,5,1,1.2,0.0,0.01,PairWise,IM,16,0.0
random_4,6,1,1.2,0.0,0.01,PairWise,IM,16,0.0
random_4,1,2,1.2,0.0,0.01,PairWise,IM,16,0.0
random_4,2,2,1.2,0.0,0.01,PairWise,IM,16,0.0
random_4,3,2,1.2,0.0,0.01,PairWise,IM,16,0.0
random_4,4,2,1.2,0.0,0.01,PairWise,IM,16,0.0
random_4,5,2,1.2,0.0,0.01,PairWise,IM,16,0.0
random_4,6,2,1.2,0.0,0.01,PairWise,IM,16,0.0
random_4,1,3,1.2,0.0,0.01,PairWise,IM,16,0.0
random_4,2,3,1.2,0.0,0.01,PairWise,IM,16,0.0
random_4,3,3,1.2,0.0,0.01,PairWise,IM,16,0.0
random_4,4,3,1.2,0.0,0.01,PairWise,IM,16,0.0
random_4,5,3,1.2,0.0,0.01,PairWise,IM,16,0.0
random_4,6,3,1.2,0.0,0.01,PairWise,IM,16,0.0
random_4,1,4,1.2,0.0,0.01,PairWise,IM,16,0.0
random_4,2,4,1.2,0.0,0.01,PairWise,IM,16,0.0
random_4,3,4,1.2,0.0,0.01,PairWise,IM,16,0.0
random_4,4,4,1.2,0.0,0.01,PairWise,IM,16,0.0
random_4,5,4,1.2,0.0,0.01,PairWise,IM,16,0.0
random_4,6,4,1.2,0.0,0.01,PairWise,IM,16,0.0
random_4,1,5,1.2,0.0,0.01,PairWise,IM,16,0.0
random_4,2,5,1.2,0.0,0.01,PairWise,IM,16,0.0
random_4,3,5,1.2,0.0,0.01,PairWise,IM,16,0.0
random_4,4,5,1.2,0.0,0.01,PairWise,IM,16,0.0
random_4,5,5,1.2,0.0,0.01,PairWise,IM,16,0.0
random_4,6,5,1.2,0.0,0.01,PairWise,IM,16,0.0
random_4,1,6,1.2,0.0,0.01,PairWise,IM,16,0.0
random_4,2,6,1.2,0.0,0.01,PairWise,IM,16,0.0
random_4,3,6,1.2,0.0,0.01,PairWise,IM,16,0.0
random_4,4,6,1.2,0.0,0.01,PairWise,IM,16,0.0
random_4,5,6,1.2,0.0,0.01,PairWise,IM,16,0.0
random_4,6,6,1.2,0.0,0.01,PairWise,IM,16,0.0
random_4,1,1,1.3,0.0,0.01,PairWise,IM,16,0.0
random_4,2,1,1.3,0.0,0.01,PairWise,IM,16,0.0
random_4,3,1,1.3,0.0,0.01,PairWise,IM,16,0.0
random_4,4,1,1.3,0.0,0.01,PairWise,IM,16,0.0
random_4,5,1,1.3,0.0,0.01,PairWise,IM,16,0.0
random_4,6,1,1.3,0.0,0.01,PairWise,IM,16,0.0
random_4,1,2,1.3,0.0,0.01,PairWise,IM,16,0.0
random_4,2,2,1.3,0.0,0.01,PairWise,IM,16,0.0
random_4,3,2,1.3,0.0,0.01,PairWise,IM,16,0.0
random_4,4,2,1.3,0.0,0.01,PairWise,IM,16,0.0
random_4,5,2,1.3,0.0,0.01,PairWise,IM,16,0.0
random_4,6,2,1.3,0.0,0.01,PairWise,IM,16,0.0
random_4,1,3,1.3,0.0,0.01,PairWise,IM,16,0.0
random_4,2,3,1.3,0.0,0.01,PairWise,IM,16,0.0
random_4,3,3,1.3,0.0,0.01,PairWise,IM,16,0.0
random_4,4,3,1.3,0.0,0.01,PairWise,IM,16,0.0
random_4,5,3,1.3,0.0,0.01,PairWise,IM,16,0.0
random_4,6,3,1.3,0.0,0.01,PairWise,IM,16,0.0
random_4,1,4,1.3,0.0,0.01,PairWise,IM,16,0.0
random_4,2,4,1.3,0.0,0.01,PairWise,IM,16,0.0
random_4,3,4,1.3,0.0,0.01,PairWise,IM,16,0.0
random_4,4,4,1.3,0.0,0.01,PairWise,IM,16,0.0
random_4,5,4,1.3,0.0,0.01,PairWise,IM,16,0.0
random_4,6,4,1.3,0.0,0.01,PairWise,IM,16,0.0
random_4,1,5,1.3,0.0,0.01,PairWise,IM,16,0.0
random_4,2,5,1.3,0.0,0.01,PairWise,IM,16,0.0
random_4,3,5,1.3,0.0,0.01,PairWise,IM,16,0.0
random_4,4,5,1.3,0.0,0.01,PairWise,IM,16,0.0
random_4,5,5,1.3,0.0,0.01,PairWise,IM,16,0.0
random_4,6,5,1.3,0.0,0.01,PairWise,IM,16,0.0
random_4,1,6,1.3,0.0,0.01,PairWise,IM,16,0.0
random_4,2,6,1.3,0.0,0.01,PairWise,IM,16,0.0
random_4,3,6,1.3,0.0,0.01,PairWise,IM,16,0.0
random_4,4,6,1.3,0.0,0.01,PairWise,IM,16,0.0
random_4,5,6,1.3,0.0,0.01,PairWise,IM,16,0.0
random_4,6,6,1.3,0.0,0.01,PairWise,IM,16,0.0
random_4,1,1,1.4,0.0,0.01,PairWise,IM,16,0.0
random_4,2,1,1.4,0.0,0.01,PairWise,IM,16,0.0
random_4,3,1,1.4,0.0,0.01,PairWise,IM,16,0.0
random_4,4,1,1.4,0.0,0.01,PairWise,IM,16,0.0
random_4,5,1,1.4,0.0,0.01,PairWise,IM,16,0.0
random_4,6,1,1.4,0.0,0.01,PairWise,IM,16,0.0
random_4,1,2,1.4,0.0,0.01,PairWise,IM,16,0.0
random_4,2,2,1.4,0.0,0.01,PairWise,IM,16,0.0
random_4,3,2,1.4,0.0,0.01,PairWise,IM,16,0.0
random_4,4,2,1.4,0.0,0.01,PairWise,IM,16,0.0
random_4,5,2,1.4,0.0,0.01,PairWise,IM,16,0.0
random_4,6,2,1.4,0.0,0.01,PairWise,IM,16,0.0
random_4,1,3,1.4,0.0,0.01,PairWise,IM,16,0.0
random_4,2,3,1.4,0.0,0.01,PairWise,IM,16,0.0
random_4,3,3,1.4,0.0,0.01,PairWise,IM,16,0.0
random_4,4,3,1.4,0.0,0.01,PairWise,IM,16,0.0
random_4,5,3,1.4,0.0,0.01,PairWise,IM,16,0.0
random_4,6,3,1.4,0.0,0.01,PairWise,IM,16,0.0
random_4,1,4,1.4,0.0,0.01,PairWise,IM,16,0.0
random_4,2,4,1.4,0.0,0.01,PairWise,IM,16,0.0
random_4,3,4,1.4,0.0,0.01,PairWise,IM,16,0.0
random_4,4,4,1.4,0.0,0.01,PairWise,IM,16,0.0
random_4,5,4,1.4,0.0,0.01,PairWise,IM,16,0.0
random_4,6,4,1.4,0.0,0.01,PairWise,IM,16,0.0
random_4,1,5,1.4,0.0,0.01,PairWise,IM,16,0.0
random_4,2,5,1.4,0.0,0.01,PairWise,IM,16,0.0
random_4,3,5,1.4,0.0,0.01,PairWise,IM,16,0.0
random_4,4,5,1.4,0.0,0.01,PairWise,IM,16,0.0
random_4,5,5,1.4,0.0,0.01,PairWise,IM,16,0.0
random_4,6,5,1.4,0.0,0.01,PairWise,IM,16,0.0
random_4,1,6,1.4,0.0,0.01,PairWise,IM,16,0.0
random_4,2,6,1.4,0.0,0.01,PairWise,IM,16,0.0
random_4,3,6,1.4,0.0,0.01,PairWise,IM,16,0.0
random_4,4,6,1.4,0.0,0.01,PairWise,IM,16,0.0
random_4,5,6,1.4,0.0,0.01,PairWise,IM,16,0.0
random_4,6,6,1.4,0.0,0.01,PairWise,IM,16,0.0
random_4,1,1,1.5,0.0,0.01,PairWise,IM,16,0.0
random_4,2,1,1.5,0.0,0.01,PairWise,IM,16,0.0
random_4,3,1,1.5,0.0,0.01,PairWise,IM,16,0.0
random_4,4,1,1.5,0.0,0.01,PairWise,IM,16,0.0
random_4,5,1,1.5,0.0,0.01,PairWise,IM,16,0.0
random_4,6,1,1.5,0.0,0.01,PairWise,IM,16,0.0
random_4,1,2,1.5,0.0,0.01,PairWise,IM,16,0.0
random_4,2,2,1.5,0.0,0.01,PairWise,IM,16,0.0
random_4,3,2,1.5,0.0,0.01,PairWise,IM,16,0.0
random_4,4,2,1.5,0.0,0.01,PairWise,IM,16,0.0
random_4,5,2,1.5,0.0,0.01,PairWise,IM,16,0.0
random_4,6,2,1.5,0.0,0.01,PairWise,IM,16,0.0
random_4,1,3,1.5,0.0,0.01,PairWise,IM,16,0.0
random_4,2,3,1.5,0.0,0.01,PairWise,IM,16,0.0
random_4,3,3,1.5,0.0,0.01,PairWise,IM,16,0.0
random_4,4,3,1.5,0.0,0.01,PairWise,IM,16,0.0
random_4,5,3,1.5,0.0,0.01,PairWise,IM,16,0.0
random_4,6,3,1.5,0.0,0.01,PairWise,IM,16,0.0
random_4,1,4,1.5,0.0,0.01,PairWise,IM,16,0.0
random_4,2,4,1.5,0.0,0.01,PairWise,IM,16,0.0
random_4,3,4,1.5,0.0,0.01,PairWise,IM,16,0.0
random_4,4,4,1.5,0.0,0.01,PairWise,IM,16,0.0
random_4,5,4,1.5,0.0,0.01,PairWise,IM,16,0.0
random_4,6,4,1.5,0.0,0.01,PairWise,IM,16,0.0
random_4,1,5,1.5,0.0,0.01,PairWise,IM,16,0.0
random_4,2,5,1.5,0.0,0.01,PairWise,IM,16,0.0
random_4,3,5,1.5,0.0,0.01,PairWise,IM,16,0.0
random_4,4,5,1.5,0.0,0.01,PairWise,IM,16,0.0
random_4,5,5,1.5,0.0,0.01,PairWise,IM,16,0.0
random_4,6,5,1.5,0.0,0.01,PairWise,IM,16,0.0
random_4,1,6,1.5,0.0,0.01,PairWise,IM,16,0.0
random_4,2,6,1.5,0.0,0.01,PairWise,IM,16,0.0
random_4,3,6,1.5,0.0,0.01,PairWise,IM,16,0.0
random_4,4,6,1.5,0.0,0.01,PairWise,IM,16,0.0
random_4,5,6,1.5,0.0,0.01,PairWise,IM,16,0.0
random_4,6,6,1.5,0.0,0.01,PairWise,IM,16,0.0
random_4,1,1,1.1,0.01,0.01,PairWise,IM,16,0.9993401065989366
random_4,2,1,1.1,0.01,0.01,PairWise,IM,16,0.9835623543764576
random_4,3,1,1.1,0.01,0.01,PairWise,IM,16,0.0
random_4,4,1,1.1,0.01,0.01,PairWise,IM,16,0.0
random_4,5,1,1.1,0.01,0.01,PairWise,IM,16,0.0
random_4,6,1,1.1,0.01,0.01,PairWise,IM,16,0.0
random_4,1,2,1.1,0.01,0.01,PairWise,IM,16,0.0
random_4,2,2,1.1,0.01,0.01,PairWise,IM,16,1.0
random_4,3,2,1.1,0.01,0.01,PairWise,IM,16,0.0
random_4,4,2,1.1,0.01,0.01,PairWise,IM,16,0.0
random_4,5,2,1.1,0.01,0.01,PairWise,IM,16,0.0
random_4,6,2,1.1,0.01,0.01,PairWise,IM,16,0.0
random_4,1,3,1.1,0.01,0.01,PairWise,IM,16,0.0
random_4,2,3,1.1,0.01,0.01,PairWise,IM,16,0.0
random_4,3,3,1.1,0.01,0.01,PairWise,IM,16,0.0
random_4,4,3,1.1,0.01,0.01,PairWise,IM,16,0.0
random_4,5,3,1.1,0.01,0.01,PairWise,IM,16,0.0
random_4,6,3,1.1,0.01,0.01,PairWise,IM,16,0.0
random_4,1,4,1.1,0.01,0.01,PairWise,IM,16,0.0
random_4,2,4,1.1,0.01,0.01,PairWise,IM,16,0.0
random_4,3,4,1.1,0.01,0.01,PairWise,IM,16,0.0
random_4,4,4,1.1,0.01,0.01,PairWise,IM,16,0.0
random_4,5,4,1.1,0.01,0.01,PairWise,IM,16,0.0
random_4,6,4,1.1,0.01,0.01,PairWise,IM,16,0.0
random_4,1,5,1.1,0.01,0.01,PairWise,IM,16,0.0
random_4,2,5,1.1,0.01,0.01,PairWise,IM,16,0.0
random_4,3,5,1.1,0.01,0.01,PairWise,IM,16,0.0
random_4,4,5,1.1,0.01,0.01,PairWise,IM,16,0.0
random_4,5,5,1.1,0.01,0.01,PairWise,IM,16,0.0
random_4,6,5,1.1,0.01,0.01,PairWise,IM,16,0.0
random_4,1,6,1.1,0.01,0.01,PairWise,IM,16,0.0
random_4,2,6,1.1,0.01,0.01,PairWise,IM,16,0.0
random_4,3,6,1.1,0.01,0.01,PairWise,IM,16,0.0
random_4,4,6,1.1,0.01,0.01,PairWise,IM,16,0.0
random_4,5,6,1.1,0.01,0.01,PairWise,IM,16,0.0
random_4,6,6,1.1,0.01,0.01,PairWise,IM,16,0.0
random_4,1,1,1.2,0.01,0.01,PairWise,IM,16,0.0
random_4,2,1,1.2,0.01,0.01,PairWise,IM,16,0.4415828941710583
random_4,3,1,1.2,0.01,0.01,PairWise,IM,16,0.0
random_4,4,1,1.2,0.01,0.01,PairWise,IM,16,0.0
random_4,1,1,1.1,0.0,0.01,PairWise,IM,10,1.0
random_4,2,1,1.1,0.0,0.01,PairWise,IM,10,0.9965022549774448
random_4,3,1,1.1,0.0,0.01,PairWise,IM,10,0.0
random_4,4,1,1.1,0.0,0.01,PairWise,IM,10,0.0
random_4,5,1,1.1,0.0,0.01,PairWise,IM,10,0.0
random_4,6,1,1.1,0.0,0.01,PairWise,IM,10,0.0
random_4,1,2,1.1,0.0,0.01,PairWise,IM,10,0.0
random_4,2,2,1.1,0.0,0.01,PairWise,IM,10,1.0
random_4,3,2,1.1,0.0,0.01,PairWise,IM,10,0.0
random_4,4,2,1.1,0.0,0.01,PairWise,IM,10,0.0
random_4,5,2,1.1,0.0,0.01,PairWise,IM,10,0.0
random_4,6,2,1.1,0.0,0.01,PairWise,IM,10,0.0
random_4,1,3,1.1,0.0,0.01,PairWise,IM,10,0.0
random_4,2,3,1.1,0.0,0.01,PairWise,IM,10,0.0
random_4,3,3,1.1,0.0,0.01,PairWise,IM,10,0.0
random_4,4,3,1.1,0.0,0.01,PairWise,IM,10,0.0
random_4,5,3,1.1,0.0,0.01,PairWise,IM,10,0.0
random_4,6,3,1.1,0.0,0.01,PairWise,IM,10,0.0
random_4,1,4,1.1,0.0,0.01,PairWise,IM,10,0.0
random_4,2,4,1.1,0.0,0.01,PairWise,IM,10,0.0
random_4,3,4,1.1,0.0,0.01,PairWise,IM,10,0.0
random_4,4,4,1.1,0.0,0.01,PairWise,IM,10,0.0
random_4,5,4,1.1,0.0,0.01,PairWise,IM,10,0.0
random_4,6,4,1.1,0.0,0.01,PairWise,IM,10,0.0
random_4,1,5,1.1,0.0,0.01,PairWise,IM,10,0.0
random_4,2,5,1.1,0.0,0.01,PairWise,IM,10,0.0
random_4,3,5,1.1,0.0,0.01,PairWise,IM,10,0.0
random_4,4,5,1.1,0.0,0.01,PairWise,IM,10,0.0
random_4,5,5,1.1,0.0,0.01,PairWise,IM,10,0.0
random_4,6,5,1.1,0.0,0.01,PairWise,IM,10,0.0
random_4,1,6,1.1,0.0,0.01,PairWise,IM,10,0.0
random_4,2,6,1.1,0.0,0.01,PairWise,IM,10,0.0
random_4,3,6,1.1,0.0,0.01,PairWise,IM,10,0.0
random_4,4,6,1.1,0.0,0.01,PairWise,IM,10,0.0
random_4,5,6,1.1,0.0,0.01,PairWise,IM,10,0.0
random_4,6,6,1.1,0.0,0.01,PairWise,IM,10,0.0
random_4,1,1,1.2,0.0,0.01,PairWise,IM,10,0.0
random_4,2,1,1.2,0.0,0.01,PairWise,IM,10,0.4462121078789213
random_4,3,1,1.2,0.0,0.01,PairWise,IM,10,0.0
random_4,4,1,1.2,0.0,0.01,PairWise,IM,10,0.0
random_4,5,1,1.2,0.0,0.01,PairWise,IM,10,0.0
random_4,6,1,1.2,0.0,0.01,PairWise,IM,10,0.0
random_4,1,2,1.2,0.0,0.01,PairWise,IM,10,0.0
random_4,2,2,1.2,0.0,0.01,PairWise,IM,10,0.0
random_4,3,2,1.2,0.0,0.01,PairWise,IM,10,0.0
random_4,4,2,1.2,0.0,0.01,PairWise,IM,10,0.0
random_4,5,2,1.2,0.0,0.01,PairWise,IM,10,0.0
random_4,6,2,1.2,0.0,0.01,PairWise,IM,10,0.0
random_4,1,3,1.2,0.0,0.01,PairWise,IM,10,0.0
random_4,2,3,1.2,0.0,0.01,PairWise,IM,10,0.0
random_4,3,3,1.2,0.0,0.01,PairWise,IM,10,0.0
random_4,4,3,1.2,0.0,0.01,PairWise,IM,10,0.0
random_4,5,3,1.2,0.0,0.01,PairWise,IM,10,0.0
random_4,6,3,1.2,0.0,0.01,PairWise,IM,10,0.0
random_4,1,4,1.2,0.0,0.01,PairWise,IM,10,0.0
random_4,2,4,1.2,0.0,0.01,PairWise,IM,10,0.0
random_4,3,4,1.2,0.0,0.01,PairWise,IM,10,0.0
random_4,4,4,1.2,0.0,0.01,PairWise,IM,10,0.0
random_4,5,4,1.2,0.0,0.01,PairWise,IM,10,0.0
random_4,6,4,1.2,0.0,0.01,PairWise,IM,10,0.0
random_4,1,5,1.2,0.0,0.01,PairWise,IM,10,0.0
random_4,2,5,1.2,0.0,0.01,PairWise,IM,10,0.0
random_4,3,5,1.2,0.0,0.01,PairWise,IM,10,0.0
random_4,4,5,1.2,0.0,0.01,PairWise,IM,10,0.0
random_4,5,5,1.2,0.0,0.01,PairWise,IM,10,0.0
random_4,6,5,1.2,0.0,0.01,PairWise,IM,10,0.0
random_4,1,6,1.2,0.0,0.01,PairWise,IM,10,0.0
random_4,2,6,1.2,0.0,0.01,PairWise,IM,10,0.0
random_4,3,6,1.2,0.0,0.01,PairWise,IM,10,0.0
random_4,4,6,1.2,0.0,0.01,PairWise,IM,10,0.0
random_4,5,6,1.2,0.0,0.01,PairWise,IM,10,0.0
random_4,6,6,1.2,0.0,0.01,PairWise,IM,10,0.0
random_4,1,1,1.3,0.0,0.01,PairWise,IM,10,0.0
random_4,2,1,1.3,0.0,0.01,PairWise,IM,10,0.2906444735552644
random_4,3,1,1.3,0.0,0.01,PairWise,IM,10,0.0
random_4,4,1,1.3,0.0,0.01,PairWise,IM,10,0.0
random_4,5,1,1.3,0.0,0.01,PairWise,IM,10,0.0
random_4,6,1,1.3,0.0,0.01,PairWise,IM,10,0.0
random_4,1,2,1.3,0.0,0.01,PairWise,IM,10,0.0
random_4,2,2,1.3,0.0,0.01,PairWise,IM,10,0.0
random_4,3,2,1.3,0.0,0.01,PairWise,IM,10,0.0
random_4,4,2,1.3,0.0,0.01,PairWise,IM,10,0.0
random_4,5,2,1.3,0.0,0.01,PairWise,IM,10,0.0
random_4,6,2,1.3,0.0,0.01,PairWise,IM,10,0.0
random_4,1,3,1.3,0.0,0.01,PairWise,IM,10,0.0
random_4,2,3,1.3,0.0,0.01,PairWise,IM,10,0.0
random_4,3,3,1.3,0.0,0.01,PairWise,IM,10,0.0
random_4,4,3,1.3,0.0,0.01,PairWise,IM,10,0.0
random_4,5,3,1.3,0.0,0.01,PairWise,IM,10,0.0
random_4,6,3,1.3,0.0,0.01,PairWise,IM,10,0.0
random_4,1,4,1.3,0.0,0.01,PairWise,IM,10,0.0
random_4,2,4,1.3,0.0,0.01,PairWise,IM,10,0.0
random_4,3,4,1.3,0.0,0.01,PairWise,IM,10,0.0
random_4,4,4,1.3,0.0,0.01,PairWise,IM,10,0.0
random_4,5,4,1.3,0.0,0.01,PairWise,IM,10,0.0
random_4,6,4,1.3,0.0,0.01,PairWise,IM,10,0.0
random_4,1,5,1.3,0.0,0.01,PairWise,IM,10,0.0
random_4,2,5,1.3,0.0,0.01,PairWise,IM,10,0.0
random_4,3,5,1.3,0.0,0.01,PairWise,IM,10,0.0
random_4,4,5,1.3,0.0,0.01,PairWise,IM,10,0.0
random_4,5,5,1.3,0.0,0.01,PairWise,IM,10,0.0
random_4,6,5,1.3,0.0,0.01,PairWise,IM,10,0.0
random_4,1,6,1.3,0.0,0.01,PairWise,IM,10,0.0
random_4,2,6,1.3,0.0,0.01,PairWise,IM,10,0.0
random_4,3,6,1.3,0.0,0.01,PairWise,IM,10,0.0
random_4,4,6,1.3,0.0,0.01,PairWise,IM,10,0.0
random_4,5,6,1.3,0.0,0.01,PairWise,IM,10,0.0
random_4,6,6,1.3,0.0,0.01,PairWise,IM,10,0.0
random_4,1,1,1.4,0.0,0.01,PairWise,IM,10,0.0
random_4,2,1,1.4,0.0,0.01,PairWise,IM,10,0.0
random_4,3,1,1.4,0.0,0.01,PairWise,IM,10,0.0
random_4,4,1,1.4,0.0,0.01,PairWise,IM,10,0.0
random_4,5,1,1.4,0.0,0.01,PairWise,IM,10,0.0
random_4,6,1,1.4,0.0,0.01,PairWise,IM,10,0.0
random_4,1,2,1.4,0.0,0.01,PairWise,IM,10,0.0
random_4,2,2,1.4,0.0,0.01,PairWise,IM,10,0.0
random_4,3,2,1.4,0.0,0.01,PairWise,IM,10,0.0
random_4,4,2,1.4,0.0,0.01,PairWise,IM,10,0.0
random_4,5,2,1.4,0.0,0.01,PairWise,IM,10,0.0
random_4,6,2,1.4,0.0,0.01,PairWise,IM,10,0.0
random_4,1,3,1.4,0.0,0.01,PairWise,IM,10,0.0
random_4,2,3,1.4,0.0,0.01,PairWise,IM,10,0.0
random_4,3,3,1.4,0.0,0.01,PairWise,IM,10,0.0
random_4,4,3,1.4,0.0,0.01,PairWise,IM,10,0.0
random_4,5,3,1.4,0.0,0.01,PairWise,IM,10,0.0
random_4,6,3,1.4,0.0,0.01,PairWise,IM,10,0.0
random_4,1,4,1.4,0.0,0.01,PairWise,IM,10,0.0
random_4,2,4,1.4,0.0,0.01,PairWise,IM,10,0.0
random_4,3,4,1.4,0.0,0.01,PairWise,IM,10,0.0
random_4,4,4,1.4,0.0,0.01,PairWise,IM,10,0.0
random_4,5,4,1.4,0.0,0.01,PairWise,IM,10,0.0
random_4,6,4,1.4,0.0,0.01,PairWise,IM,10,0.0
random_4,1,5,1.4,0.0,0.01,PairWise,IM,10,0.0
random_4,2,5,1.4,0.0,0.01,PairWise,IM,10,0.0
random_4,3,5,1.4,0.0,0.01,PairWise,IM,10,0.0
random_4,4,5,1.4,0.0,0.01,PairWise,IM,10,0.0
random_4,5,5,1.4,0.0,0.01,PairWise,IM,10,0.0
random_4,6,5,1.4,0.0,0.01,PairWise,IM,10,0.0
random_4,1,6,1.4,0.0,0.01,PairWise,IM,10,0.0
random_4,2,6,1.4,0.0,0.01,PairWise,IM,10,0.0
random_4,3,6,1.4,0.0,0.01,PairWise,IM,10,0.0
random_4,4,6,1.4,0.0,0.01,PairWise,IM,10,0.0
random_4,5,6,1.4,0.0,0.01,PairWise,IM,10,0.0
random_4,6,6,1.4,0.0,0.01,PairWise,IM,10,0.0
random_4,1,1,1.5,0.0,0.01,PairWise,IM,10,0.0047097229027709
random_4,2,1,1.5,0.0,0.01,PairWise,IM,10,0.0
random_4,3,1,1.5,0.0,0.01,PairWise,IM,10,0.0
random_4,4,1,1.5,0.0,0.01,PairWise,IM,10,0.0
random_4,5,1,1.5,0.0,0.01,PairWise,IM,10,0.0
random_4,6,1,1.5,0.0,0.01,PairWise,IM,10,0.0
random_4,1,2,1.5,0.0,0.01,PairWise,IM,10,0.0
random_4,2,2,1.5,0.0,0.01,PairWise,IM,10,0.0
random_4,3,2,1.5,0.0,0.01,PairWise,IM,10,0.0
random_4,4,2,1.5,0.0,0.01,PairWise,IM,10,0.0
random_4,5,2,1.5,0.0,0.01,PairWise,IM,10,0.0
random_4,6,2,1.5,0.0,0.01,PairWise,IM,10,0.0
random_4,1,3,1.5,0.0,0.01,PairWise,IM,10,0.0
random_4,2,3,1.5,0.0,0.01,PairWise,IM,10,0.0
random_4,3,3,1.5,0.0,0.01,PairWise,IM,10,0.0
random_4,4,3,1.5,0.0,0.01,PairWise,IM,10,0.0
random_4,5,3,1.5,0.0,0.01,PairWise,IM,10,0.0
random_4,6,3,1.5,0.0,0.01,PairWise,IM,10,0.0
random_4,1,4,1.5,0.0,0.01,PairWise,IM,10,0.0
random_4,2,4,1.5,0.0,0.01,PairWise,IM,10,0.0
random_4,3,4,1.5,0.0,0.01,PairWise,IM,10,0.0
random_4,4,4,1.5,0.0,0.01,PairWise,IM,10,0.0
random_4,5,4,1.5,0.0,0.01,PairWise,IM,10,0.0
random_4,6,4,1.5,0.0,0.01,PairWise,IM,10,0.0
random_4,1,5,1.5,0.0,0.01,PairWise,IM,10,0.0
random_4,2,5,1.5,0.0,0.01,PairWise,IM,10,0.0
random_4,3,5,1.5,0.0,0.01,PairWise,IM,10,0.0
random_4,4,5,1.5,0.0,0.01,PairWise,IM,10,0.0
random_4,5,5,1.5,0.0,0.01,PairWise,IM,10,0.0
random_4,6,5,1.5,0.0,0.01,PairWise,IM,10,0.0
random_4,1,6,1.5,0.0,0.01,PairWise,IM,10,0.0
random_4,2,6,1.5,0.0,0.01,PairWise,IM,10,0.0
random_4,3,6,1.5,0.0,0.01,PairWise,IM,10,0.0
random_4,4,6,1.5,0.0,0.01,PairWise,IM,10,0.0
random_4,5,6,1.5,0.0,0.01,PairWise,IM,10,0.0
random_4,6,6,1.5,0.0,0.01,PairWise,IM,10,0.0
random_4,1,1,1.1,0.01,0.01,PairWise,IM,10,0.0
random_4,2,1,1.1,0.01,0.01,PairWise,IM,10,0.9813311266887338
random_4,3,1,1.1,0.01,0.01,PairWise,IM,10,0.4895610543894562
random_4,4,1,1.1,0.01,0.01,PairWise,IM,10,0.0
random_4,5,1,1.1,0.01,0.01,PairWise,IM,10,0.0
random_4,6,1,1.1,0.01,0.01,PairWise,IM,10,0.0
random_4,1,2,1.1,0.01,0.01,PairWise,IM,10,0.0
random_4,2,2,1.1,0.01,0.01,PairWise,IM,10,0.0
random_4,3,2,1.1,0.01,0.01,PairWise,IM,10,0.0
random_4,4,2,1.1,0.01,0.01,PairWise,IM,10,0.0
random_4,5,2,1.1,0.01,0.01,PairWise,IM,10,0.0
random_4,6,2,1.1,0.01,0.01,PairWise,IM,10,0.0
random_4,1,3,1.1,0.01,0.01,PairWise,IM,10,0.0
random_4,2,3,1.1,0.01,0.01,PairWise,IM,10,0.0
random_4,3,3,1.1,0.01,0.01,PairWise,IM,10,0.0
random_4,4,3,1.1,0.01,0.01,PairWise,IM,10,0.0
random_4,5,3,1.1,0.01,0.01,PairWise,IM,10,0.0
random_4,6,3,1.1,0.01,0.01,PairWise,IM,10,0.0
random_4,1,4,1.1,0.01,0.01,PairWise,IM,10,0.0
random_4,2,4,1.1,0.01,0.01,PairWise,IM,10,0.0
random_4,3,4,1.1,0.01,0.01,PairWise,IM,10,0.0
random_4,4,4,1.1,0.01,0.01,PairWise,IM,10,0.0
random_4,5,4,1.1,0.01,0.01,PairWise,IM,10,0.0
random_4,6,4,1.1,0.01,0.01,PairWise,IM,10,0.0
random_4,1,5,1.1,0.01,0.01,PairWise,IM,10,0.0
random_4,2,5,1.1,0.01,0.01,PairWise,IM,10,0.0
random_4,3,5,1.1,0.01,0.01,PairWise,IM,10,0.0
random_4,4,5,1.1,0.01,0.01,PairWise,IM,10,0.0
random_4,5,5,1.1,0.01,0.01,PairWise,IM,10,0.0
random_4,6,5,1.1,0.01,0.01,PairWise,IM,10,0.0
random_4,1,6,1.1,0.01,0.01,PairWise,IM,10,0.0
random_4,2,6,1.1,0.01,0.01,PairWise,IM,10,0.0
random_4,3,6,1.1,0.01,0.01,PairWise,IM,10,0.0
random_4,4,6,1.1,0.01,0.01,PairWise,IM,10,0.0
random_4,5,6,1.1,0.01,0.01,PairWise,IM,10,0.0
random_4,6,6,1.1,0.01,0.01,PairWise,IM,10,0.0
random_4,1,1,1.2,0.01,0.01,PairWise,IM,10,0.0
random_4,2,1,1.2,0.01,0.01,PairWise,IM,10,0.4492811971880281
random_4,3,1,1.2,0.01,0.01,PairWise,IM,10,0.0
random_4,4,1,1.2,0.01,0.01,PairWise,IM,10,0.0
random_4,1,1,1.1,0.0,0.01,PairWise,IM,13,0.0
random_4,2,1,1.1,0.0,0.01,PairWise,IM,13,0.9985002849971636
random_4,3,1,1.1,0.0,0.01,PairWise,IM,13,0.4983389266107337
random_4,4,1,1.1,0.0,0.01,PairWise,IM,13,0.0
random_4,5,1,1.1,0.0,0.01,PairWise,IM,13,0.0
random_4,6,1,1.1,0.0,0.01,PairWise,IM,13,0.0
random_4,1,2,1.1,0.0,0.01,PairWise,IM,13,0.0
random_4,2,2,1.1,0.0,0.01,PairWise,IM,13,1.0
random_4,3,2,1.1,0.0,0.01,PairWise,IM,13,0.0
random_4,4,2,1.1,0.0,0.01,PairWise,IM,13,0.0
random_4,5,2,1.1,0.0,0.01,PairWise,IM,13,0.0
random_4,6,2,1.1,0.0,0.01,PairWise,IM,13,0.0
random_4,1,3,1.1,0.0,0.01,PairWise,IM,13,0.0
random_4,2,3,1.1,0.0,0.01,PairWise,IM,13,0.0
random_4,3,3,1.1,0.0,0.01,PairWise,IM,13,0.0
random_4,4,3,1.1,0.0,0.01,PairWise,IM,13,0.0
random_4,5,3,1.1,0.0,0.01,PairWise,IM,13,0.0
random_4,6,3,1.1,0.0,0.01,PairWise,IM,13,0.0
random_4,1,4,1.1,0.0,0.01,PairWise,IM,13,0.0
random_4,2,4,1.1,0.0,0.01,PairWise,IM,13,0.0
random_4,3,4,1.1,0.0,0.01,PairWise,IM,13,0.0
random_4,4,4,1.1,0.0,0.01,PairWise,IM,13,0.0
random_4,5,4,1.1,0.0,0.01,PairWise,IM,13,0.0
random_4,6,4,1.1,0.0,0.01,PairWise,IM,13,0.0
random_4,1,5,1.1,0.0,0.01,PairWise,IM,13,0.0
random_4,2,5,1.1,0.0,0.01,PairWise,IM,13,0.0
random_4,3,5,1.1,0.0,0.01,PairWise,IM,13,0.0
random_4,4,5,1.1,0.0,0.01,PairWise,IM,13,0.0
random_4,5,5,1.1,0.0,0.01,PairWise,IM,13,0.0
random_4,6,5,1.1,0.0,0.01,PairWise,IM,13,0.0
random_4,1,6,1.1,0.0,0.01,PairWise,IM,13,0.0
random_4,2,6,1.1,0.0,0.01,PairWise,IM,13,0.0
random_4,3,6,1.1,0.0,0.01,PairWise,IM,13,0.0
random_4,4,6,1.1,0.0,0.01,PairWise,IM,13,0.0
random_4,5,6,1.1,0.0,0.01,PairWise,IM,13,0.0
random_4,6,6,1.1,0.0,0.01,PairWise,IM,13,0.0
random_4,1,1,1.2,0.0,0.01,PairWise,IM,13,0.0056000939990599
random_4,2,1,1.2,0.0,0.01,PairWise,IM,13,0.4826477335226649
random_4,3,1,1.2,0.0,0.01,PairWise,IM,13,0.0
random_4,4,1,1.2,0.0,0.01,PairWise,IM,13,0.0
random_4,5,1,1.2,0.0,0.01,PairWise,IM,13,0.0
random_4,6,1,1.2,0.0,0.01,PairWise,IM,13,0.0
random_4,1,2,1.2,0.0,0.01,PairWise,IM,13,0.0
random_4,2,2,1.2,0.0,0.01,PairWise,IM,13,0.0
random_4,3,2,1.2,0.0,0.01,PairWise,IM,13,0.0
random_4,4,2,1.2,0.0,0.01,PairWise,IM,13,0.0
random_4,5,2,1.2,0.0,0.01,PairWise,IM,13,0.0
random_4,6,2,1.2,0.0,0.01,PairWise,IM,13,0.0
random_4,1,3,1.2,0.0,0.01,PairWise,IM,13,0.0
random_4,2,3,1.2,0.0,0.01,PairWise,IM,13,0.0
random_4,3,3,1.2,0.0,0.01,PairWise,IM,13,0.0
random_4,4,3,1.2,0.0,0.01,PairWise,IM,13,0.0
random_4,5,3,1.2,0.0,0.01,PairWise,IM,13,0.0
random_4,6,3,1.2,0.0,0.01,PairWise,IM,13,0.0
random_4,1,4,1.2,0.0,0.01,PairWise,IM,13,0.0
random_4,2,4,1.2,0.0,0.01,PairWise,IM,13,0.0
random_4,3,4,1.2,0.0,0.01,PairWise,IM,13,0.0
random_4,4,4,1.2,0.0,0.01,PairWise,IM,13,0.0
random_4,5,4,1.2,0.0,0.01,PairWise,IM,13,0.0
random_4,6,4,1.2,0.0,0.01,PairWise,IM,13,0.0
random_4,1,5,1.2,0.0,0.01,PairWise,IM,13,0.0
random_4,2,5,1.2,0.0,0.01,PairWise,IM,13,0.0
random_4,3,5,1.2,0.0,0.01,PairWise,IM,13,0.0
random_4,4,5,1.2,0.0,0.01,PairWise,IM,13,0.0
random_4,5,5,1.2,0.0,0.01,PairWise,IM,13,0.0
random_4,6,5,1.2,0.0,0.01,PairWise,IM,13,0.0
random_4,1,6,1.2,0.0,0.01,PairWise,IM,13,0.0
random_4,2,6,1.2,0.0,0.01,PairWise,IM,13,0.0
random_4,3,6,1.2,0.0,0.01,PairWise,IM,13,0.0
random_4,4,6,1.2,0.0,0.01,PairWise,IM,13,0.0
random_4,5,6,1.2,0.0,0.01,PairWise,IM,13,0.0
random_4,6,6,1.2,0.0,0.01,PairWise,IM,13,0.0
random_4,1,1,1.3,0.0,0.01,PairWise,IM,13,0.0055881041189587
random_4,2,1,1.3,0.0,0.01,PairWise,IM,13,0.2921912280877191
random_4,3,1,1.3,0.0,0.01,PairWise,IM,13,0.0
random_4,4,1,1.3,0.0,0.01,PairWise,IM,13,0.0
random_4,5,1,1.3,0.0,0.01,PairWise,IM,13,0.0
random_4,6,1,1.3,0.0,0.01,PairWise,IM,13,0.0
random_4,1,2,1.3,0.0,0.01,PairWise,IM,13,0.0
random_4,2,2,1.3,0.0,0.01,PairWise,IM,13,0.0
random_4,3,2,1.3,0.0,0.01,PairWise,IM,13,0.0
random_4,4,2,1.3,0.0,0.01,PairWise,IM,13,0.0
random_4,5,2,1.3,0.0,0.01,PairWise,IM,13,0.0
random_4,6,2,1.3,0.0,0.01,PairWise,IM,13,0.0
random_4,1,3,1.3,0.0,0.01,PairWise,IM,13,0.0
random_4,2,3,1.3,0.0,0.01,PairWise,IM,13,0.0
random_4,3,3,1.3,0.0,0.01,PairWise,IM,13,0.0
random_4,4,3,1.3,0.0,0.01,PairWise,IM,13,0.0
random_4,5,3,1.3,0.0,0.01,PairWise,IM,13,0.0
random_4,6,3,1.3,0.0,0.01,PairWise,IM,13,0.0
random_4,1,4,1.3,0.0,0.01,PairWise,IM,13,0.0
random_4,2,4,1.3,0.0,0.01,PairWise,IM,13,0.0
random_4,3,4,1.3,0.0,0.01,PairWise,IM,13,0.0
random_4,4,4,1.3,0.0,0.01,PairWise,IM,13,0.0
random_4,5,4,1.3,0.0,0.01,PairWise,IM,13,0.0
random_4,6,4,1.3,0.0,0.01,PairWise,IM,13,0.0
random_4,1,5,1.3,0.0,0.01,PairWise,IM,13,0.0
random_4,2,5,1.3,0.0,0.01,PairWise,IM,13,0.0
random_4,3,5,1.3,0.0,0.01,PairWise,IM,13,0.0
random_4,4,5,1.3,0.0,0.01,PairWise,IM,13,0.0
random_4,5,5,1.3,0.0,0.01,PairWise,IM,13,0.0
random_4,6,5,1.3,0.0,0.01,PairWise,IM,13,0.0
random_4,1,6,1.3,0.0,0.01,PairWise,IM,13,0.0
random_4,2,6,1.3,0.0,0.01,PairWise,IM,13,0.0
random_4,3,6,1.3,0.0,0.01,PairWise,IM,13,0.0
random_4,4,6,1.3,0.0,0.01,PairWise,IM,13,0.0
random_4,5,6,1.3,0.0,0.01,PairWise,IM,13,0.0
random_4,6,6,1.3,0.0,0.01,PairWise,IM,13,0.0
random_4,1,1,1.4,0.0,0.01,PairWise,IM,13,0.0
random_4,2,1,1.4,0.0,0.01,PairWise,IM,13,0.0
random_4,3,1,1.4,0.0,0.01,PairWise,IM,13,0.0
random_4,4,1,1.4,0.0,0.01,PairWise,IM,13,0.0
random_4,5,1,1.4,0.0,0.01,PairWise,IM,13,0.0
random_4,6,1,1.4,0.0,0.01,PairWise,IM,13,0.0
random_4,1,2,1.4,0.0,0.01,PairWise,IM,13,0.0
random_4,2,2,1.4,0.0,0.01,PairWise,IM,13,0.0
random_4,3,2,1.4,0.0,0.01,PairWise,IM,13,0.0
random_4,4,2,1.4,0.0,0.01,PairWise,IM,13,0.0
random_4,5,2,1.4,0.0,0.01,PairWise,IM,13,0.0
random_4,6,2,1.4,0.0,0.01,PairWise,IM,13,0.0
random_4,1,3,1.4,0.0,0.01,PairWise,IM,13,0.0
random_4,2,3,1.4,0.0,0.01,PairWise,IM,13,0.0
random_4,3,3,1.4,0.0,0.01,PairWise,IM,13,0.0
random_4,4,3,1.4,0.0,0.01,PairWise,IM,13,0.0
random_4,5,3,1.4,0.0,0.01,PairWise,IM,13,0.0
random_4,6,3,1.4,0.0,0.01,PairWise,IM,13,0.0
random_4,1,4,1.4,0.0,0.01,PairWise,IM,13,0.0
random_4,2,4,1.4,0.0,0.01,PairWise,IM,13,0.0
random_4,3,4,1.4,0.0,0.01,PairWise,IM,13,0.0
random_4,4,4,1.4,0.0,0.01,PairWise,IM,13,0.0
random_4,5,4,1.4,0.0,0.01,PairWise,IM,13,0.0
random_4,6,4,1.4,0.0,0.01,PairWise,IM,13,0.0
random_4,1,5,1.4,0.0,0.01,PairWise,IM,13,0.0
random_4,2,5,1.4,0.0,0.01,PairWise,IM,13,0.0
random_4,3,5,1.4,0.0,0.01,PairWise,IM,13,0.0
random_4,4,5,1.4,0.0,0.01,PairWise,IM,13,0.0
random_4,5,5,1.4,0.0,0.01,PairWise,IM,13,0.0
random_4,6,5,1.4,0.0,0.01,PairWise,IM,13,0.0
random_4,1,6,1.4,0.0,0.01,PairWise,IM,13,0.0
random_4,2,6,1.4,0.0,0.01,PairWise,IM,13,0.0
random_4,3,6,1.4,0.0,0.01,PairWise,IM,13,0.0
random_4,4,6,1.4,0.0,0.01,PairWise,IM,13,0.0
random_4,5,6,1.4,0.0,0.01,PairWise,IM,13,0.0
random_4,6,6,1.4,0.0,0.01,PairWise,IM,13,0.0
random_4,1,1,1.5,0.0,0.01,PairWise,IM,13,0.0
random_4,2,1,1.5,0.0,0.01,PairWise,IM,13,0.0
random_4,3,1,1.5,0.0,0.01,PairWise,IM,13,0.0
random_4,4,1,1.5,0.0,0.01,PairWise,IM,13,0.0
random_4,5,1,1.5,0.0,0.01,PairWise,IM,13,0.0
random_4,6,1,1.5,0.0,0.01,PairWise,IM,13,0.0
random_4,1,2,1.5,0.0,0.01,PairWise,IM,13,0.0
random_4,2,2,1.5,0.0,0.01,PairWise,IM,13,0.0
random_4,3,2,1.5,0.0,0.01,PairWise,IM,13,0.0
random_4,4,2,1.5,0.0,0.01,PairWise,IM,13,0.0
random_4,5,2,1.5,0.0,0.01,PairWise,IM,13,0.0
random_4,6,2,1.5,0.0,0.01,PairWise,IM,13,0.0
random_4,1,3,1.5,0.0,0.01,PairWise,IM,13,0.0
random_4,2,3,1.5,0.0,0.01,PairWise,IM,13,0.0
random_4,3,3,1.5,0.0,0.01,PairWise,IM,13,0.0
random_4,4,3,1.5,0.0,0.01,PairWise,IM,13,0.0
random_4,5,3,1.5,0.0,0.01,PairWise,IM,13,0.0
random_4,6,3,1.5,0.0,0.01,PairWise,IM,13,0.0
random_4,1,4,1.5,0.0,0.01,PairWise,IM,13,0.0
random_4,2,4,1.5,0.0,0.01,PairWise,IM,13,0.0
random_4,3,4,1.5,0.0,0.01,PairWise,IM,13,0.0
random_4,4,4,1.5,0.0,0.01,PairWise,IM,13,0.0
random_4,5,4,1.5,0.0,0.01,PairWise,IM,13,0.0
random_4,6,4,1.5,0.0,0.01,PairWise,IM,13,0.0
random_4,1,5,1.5,0.0,0.01,PairWise,IM,13,0.0
random_4,2,5,1.5,0.0,0.01,PairWise,IM,13,0.0
random_4,3,5,1.5,0.0,0.01,PairWise,IM,13,0.0
random_4,4,5,1.5,0.0,0.01,PairWise,IM,13,0.0
random_4,5,5,1.5,0.0,0.01,PairWise,IM,13,0.0
random_4,6,5,1.5,0.0,0.01,PairWise,IM,13,0.0
random_4,1,6,1.5,0.0,0.01,PairWise,IM,13,0.0
random_4,2,6,1.5,0.0,0.01,PairWise,IM,13,0.0
random_4,3,6,1.5,0.0,0.01,PairWise,IM,13,0.0
random_4,4,6,1.5,0.0,0.01,PairWise,IM,13,0.0
random_4,5,6,1.5,0.0,0.01,PairWise,IM,13,0.0
random_4,6,6,1.5,0.0,0.01,PairWise,IM,13,0.0
random_4,1,1,1.1,0.01,0.01,PairWise,IM,13,1.0
random_4,2,1,1.1,0.01,0.01,PairWise,IM,13,0.9984996050039634
random_4,3,1,1.1,0.01,0.01,PairWise,IM,13,0.0
random_4,4,1,1.1,0.01,0.01,PairWise,IM,13,0.0
random_4,5,1,1.1,0.01,0.01,PairWise,IM,13,0.0
random_4,6,1,1.1,0.01,0.01,PairWise,IM,13,0.0
random_4,1,2,1.1,0.01,0.01,PairWise,IM,13,0.0
random_4,2,2,1.1,0.01,0.01,PairWise,IM,13,1.0
random_4,3,2,1.1,0.01,0.01,PairWise,IM,13,0.0
random_4,4,2,1.1,0.01,0.01,PairWise,IM,13,0.0
random_4,5,2,1.1,0.01,0.01,PairWise,IM,13,0.0
random_4,6,2,1.1,0.01,0.01,PairWise,IM,13,0.0
random_4,1,3,1.1,0.01,0.01,PairWise,IM,13,0.0
random_4,2,3,1.1,0.01,0.01,PairWise,IM,13,0.0
random_4,3,3,1.1,0.01,0.01,PairWise,IM,13,0.0
random_4,4,3,1.1,0.01,0.01,PairWise,IM,13,0.0
random_4,5,3,1.1,0.01,0.01,PairWise,IM,13,0.0
random_4,6,3,1.1,0.01,0.01,PairWise,IM,13,0.0
random_4,1,4,1.1,0.01,0.01,PairWise,IM,13,0.0
random_4,2,4,1.1,0.01,0.01,PairWise,IM,13,0.0
random_4,3,4,1.1,0.01,0.01,PairWise,IM,13,0.0
random_4,4,4,1.1,0.01,0.01,PairWise,IM,13,0.0
random_4,5,4,1.1,0.01,0.01,PairWise,IM,13,0.0
random_4,6,4,1.1,0.01,0.01,PairWise,IM,13,0.0
random_4,1,5,1.1,0.01,0.01,PairWise,IM,13,0.0
random_4,2,5,1.1,0.01,0.01,PairWise,IM,13,0.0
random_4,3,5,1.1,0.01,0.01,PairWise,IM,13,0.0
random_4,4,5,1.1,0.01,0.01,PairWise,IM,13,0.0
random_4,5,5,1.1,0.01,0.01,PairWise,IM,13,0.0
random_4,6,5,1.1,0.01,0.01,PairWise,IM,13,0.0
random_4,1,6,1.1,0.01,0.01,PairWise,IM,13,0.0
random_4,2,6,1.1,0.01,0.01,PairWise,IM,13,0.0
random_4,3,6,1.1,0.01,0.01,PairWise,IM,13,0.0
random_4,4,6,1.1,0.01,0.01,PairWise,IM,13,0.0
random_4,5,6,1.1,0.01,0.01,PairWise,IM,13,0.0
random_4,6,6,1.1,0.01,0.01,PairWise,IM,13,0.0
random_4,1,1,1.2,0.01,0.01,PairWise,IM,13,0.0
random_4,2,1,1.2,0.01,0.01,PairWise,IM,13,0.4303027269727302
random_4,3,1,1.2,0.01,0.01,PairWise,IM,13,0.0
random_4,4,1,1.2,0.01,0.01,PairWise,IM,13,0.0
